Which school do you work at?,What is your role?,Do you believe you will be able to return to your school building in-person on the first day of school in 20-21?,"If you answered the above question with a ""no, you believe you will not be able to return in person"", why? "
1UqS6tmV5s,"School Leader (Principal, DSO, Dean)",No,N/A (if you answered yes to above question)
xTGpW8h7Hj,"School Leader (Principal, DSO, Dean)",No,N/A (if you answered yes to above question)
wq8BaJEtoM,"School Leader (Principal, DSO, Dean)",No,N/A (if you answered yes to above question)
iajkW2vtpQ,Operations Staff,No,N/A (if you answered yes to above question)
1ThtUQgbFa,"School Leader (Principal, DSO, Dean)",No,N/A (if you answered no to above question)
jZF002PHhw,"School Leader (Principal, DSO, Dean)",No,N/A (if you answered no to above question)
djw2uo3n7e,"School Leader (Principal, DSO, Dean)",No,N/A (if you answered no to above question)
shHbku3sF6,"School Leader (Principal, DSO, Dean)",No,N/A (if you answered no to above question)
vXUPkG31ja,"School Leader (Principal, DSO, Dean)",No,N/A (if you answered no to above question)
HyiBzU2g3S,"School Leader (Principal, DSO, Dean)",No,N/A (if you answered no to above question)
BUruSncAJv,"School Leader (Principal, DSO, Dean)",Yes,Child care
PUpgHL5qbd,"School Leader (Principal, DSO, Dean)",No,N/A (if you answered no to above question)
wCzDbe51b9,"School Leader (Principal, DSO, Dean)",No,N/A (if you answered no to above question)
v71f0V8g0O,"School Leader (Principal, DSO, Dean)",No,N/A (if you answered no to above question)
c5FmWBMmWr,"School Leader (Principal, DSO, Dean)",No,N/A (if you answered no to above question)
EksFrlevxm,"School Leader (Principal, DSO, Dean)",No,N/A (if you answered no to above question)
OuRgAYaPsF,"School Leader (Principal, DSO, Dean)",No,N/A (if you answered no to above question)
YAUxbuuVSi,"School Leader (Principal, DSO, Dean)",No,N/A (if you answered no to above question)
P9EOStCfLw,"School Leader (Principal, DSO, Dean)",Yes,Health concern for myself (as determined by a doctor)
OEV6OEstz2,"School Leader (Principal, DSO, Dean)",No,N/A (if you answered no to above question)
jUhCCCoTwC,"School Leader (Principal, DSO, Dean)",Yes,Health concern for myself (as determined by a doctor)
nwA8NLRTRI,"School Leader (Principal, DSO, Dean)",No,N/A (if you answered no to above question)
kTccmCYcbM,"School Leader (Principal, DSO, Dean)",No,N/A (if you answered no to above question)
qHFMqfJ0GP,"School Leader (Principal, DSO, Dean)",No,N/A (if you answered no to above question)
856Jvqp4ue,"School Leader (Principal, DSO, Dean)",No,N/A (if you answered no to above question)
RGalnBS10m,"School Leader (Principal, DSO, Dean)",No,N/A (if you answered no to above question)
xQskxVBKUn,"School Leader (Principal, DSO, Dean)",No,Health concern for myself (as determined by a doctor)
u4TdaCMiJg,Instructional Staff,Yes,N/A (if you answered yes to above question)
gLmIK1q4xN,Instructional Staff,Yes,N/A (if you answered yes to above question)
Y00fxIdImp,Operations Staff,Yes,N/A (if you answered yes to above question)
iBpklXpUd8,Instructional Staff,Yes,N/A (if you answered yes to above question)
Z8VDVbIK2d,Instructional Staff,Yes,N/A (if you answered yes to above question)
qT70zbVY9c,Instructional Staff,No,N/A (if you answered yes to above question)
yr20veTbUM,Instructional Staff,Yes,N/A (if you answered yes to above question)
rsU8Bs1at6,"School Leader (Principal, DSO, Dean)",Yes,N/A (if you answered yes to above question)
UF6W7TKEYj,Instructional Staff,Yes,N/A (if you answered yes to above question)
u3DzlkgpLK,Instructional Staff,No,Health concern for myself (as determined by a doctor)
4IxJJzjbgL,Instructional Staff,Yes,N/A (if you answered yes to above question)
0iSCmQ34CR,Instructional Staff,Yes,N/A (if you answered yes to above question)
wRUjuig1H5,Operations Staff,Yes,N/A (if you answered yes to above question)
2S0v42C4ex,Instructional Staff,Yes,N/A (if you answered yes to above question)
cWzn9qYmN2,"School Leader (Principal, DSO, Dean)",Yes,N/A (if you answered yes to above question)
1vXakCpjcK,Instructional Staff,No,N/A (if you answered yes to above question)
eMcxVMC1rF,Operations Staff,Yes,N/A (if you answered yes to above question)
IOxLZ5u2M6,Instructional Staff,No,Health concern for myself (as determined by a doctor)
vrBMjGhNGg,Instructional Staff,Yes,N/A (if you answered yes to above question)
AyWtM3aokv,Instructional Staff,Yes,N/A (if you answered yes to above question)
30gEO4zScQ,Instructional Staff,Yes,N/A (if you answered yes to above question)
nNzEZKMz6u,Instructional Staff,No,Child care
jx7IXaiZlH,Instructional Staff,No,Health concern for myself (as determined by a doctor)
QusjGgRNBD,Instructional Staff,Yes,N/A (if you answered yes to above question)
FDV9qYo6yT,Instructional Staff,Yes,N/A (if you answered yes to above question)
jogaoIQaDb,Instructional Staff,Yes,N/A (if you answered yes to above question)
P2vzb6ovvX,Operations Staff,Yes,N/A (if you answered yes to above question)
1xC3k0WqnJ,Instructional Staff,Yes,N/A (if you answered yes to above question)
VfPJmj6FIC,Operations Staff,Yes,N/A (if you answered yes to above question)
xk3Lo9B9s7,Instructional Staff,Yes,Health concern for someone I live with/care for (as determined by a doctor)
EVN6uV5dyu,Non-Instructional Staff,No,Health concern for myself (as determined by a doctor)
OKjhCutbI7,Operations Staff,Yes,N/A (if you answered yes to above question)
OC7ecEefiM,Non-Instructional Staff,No,Child care
T9lmXcTCc7,Instructional Staff,Yes,N/A (if you answered yes to above question)
RbegaDQBBZ,Instructional Staff,Yes,N/A (if you answered yes to above question)
YqxELr0CTc,Instructional Staff,Yes,N/A (if you answered yes to above question)
cpMT5aah3d,Instructional Staff,Yes,N/A (if you answered yes to above question)
seIAyzoGR5,Operations Staff,Yes,N/A (if you answered yes to above question)
LFbEd3IyIU,Operations Staff,No,Health concern for myself (as determined by a doctor)
bvQmoeGzBH,Instructional Staff,No,Other
cCG7zOkKXj,Instructional Staff,No,Health concern for someone I live with/care for (as determined by a doctor)
MpgHXKiOqb,"School Leader (Principal, DSO, Dean)",Yes,N/A (if you answered yes to above question)
JoJnIq9CzB,Instructional Staff,No,Child care
uvJSEuazrf,"School Leader (Principal, DSO, Dean)",No,Child care
Fyeyd4CZjX,Instructional Staff,Yes,N/A (if you answered yes to above question)
rt3musG504,"School Leader (Principal, DSO, Dean)",Yes,Health concern for myself (as determined by a doctor)
kqPmIgmt2q,Instructional Staff,Yes,Child care
4Ojs9HrTyh,Instructional Staff,Yes,N/A (if you answered yes to above question)
N33povACm6,Non-Instructional Staff,Yes,N/A (if you answered yes to above question)
cYNjwnVqBX,Instructional Staff,Yes,N/A (if you answered yes to above question)
XoRzTwNS6F,Instructional Staff,No,Health concern for myself (as determined by a doctor)
qwRyNNs5Sv,Operations Staff,Yes,N/A (if you answered yes to above question)
48F3R1gZBE,Instructional Staff,Yes,N/A (if you answered yes to above question)
cRc7NlswCZ,Instructional Staff,Yes,N/A (if you answered yes to above question)
8N8bJcNugU,Instructional Staff,Yes,N/A (if you answered yes to above question)
REcwlj3sgO,Instructional Staff,Yes,N/A (if you answered yes to above question)
py5HWVxMWb,Instructional Staff,No,Health concern for someone I live with/care for (as determined by a doctor)
dv3B8YGIxa,Operations Staff,Yes,Health concern for someone I live with/care for (as determined by a doctor)
wyqnbgVXO0,Instructional Staff,Yes,N/A (if you answered yes to above question)
PmXruYmV2A,Instructional Staff,Yes,N/A (if you answered yes to above question)
TxMEUCDYN9,Instructional Staff,Yes,N/A (if you answered yes to above question)
esWJWawmB5,Instructional Staff,Yes,N/A (if you answered yes to above question)
mjX4xGk3u9,Instructional Staff,Yes,N/A (if you answered yes to above question)
RUJEzR1nRA,Instructional Staff,Yes,N/A (if you answered yes to above question)
AVs8rSJ7mo,Instructional Staff,Yes,N/A (if you answered yes to above question)
EDR8S2NfGI,Instructional Staff,Yes,N/A (if you answered yes to above question)
MZN4RixBce,"School Leader (Principal, DSO, Dean)",Yes,N/A (if you answered yes to above question)
l4Jg0BEBQS,Operations Staff,Yes,N/A (if you answered yes to above question)
8KdoNSKC3w,Operations Staff,Yes,N/A (if you answered yes to above question)
YDkbwE2Vj6,Instructional Staff,No,Child care
ppve70NrKD,Non-Instructional Staff,No,Health concern for someone I live with/care for (as determined by a doctor)
ou9mLWMwzr,"School Leader (Principal, DSO, Dean)",No,Health concern for myself (as determined by a doctor)
UNt0ClMO8E,Instructional Staff,Yes,N/A (if you answered yes to above question)
1UqS6tmV5s,Instructional Staff,No,Other
xTGpW8h7Hj,Instructional Staff,No,Health concern for someone I live with/care for (as determined by a doctor)
wq8BaJEtoM,"School Leader (Principal, DSO, Dean)",Yes,N/A (if you answered yes to above question)
iajkW2vtpQ,Instructional Staff,Yes,N/A (if you answered yes to above question)
1ThtUQgbFa,Instructional Staff,Yes,N/A (if you answered yes to above question)
jZF002PHhw,Instructional Staff,No,Child care
djw2uo3n7e,Instructional Staff,No,Health concern for someone I live with/care for (as determined by a doctor)
shHbku3sF6,"School Leader (Principal, DSO, Dean)",No,Child care
vXUPkG31ja,Operations Staff,Yes,N/A (if you answered yes to above question)
HyiBzU2g3S,"School Leader (Principal, DSO, Dean)",Yes,N/A (if you answered yes to above question)
BUruSncAJv,Instructional Staff,No,Health concern for someone I live with/care for (as determined by a doctor)
PUpgHL5qbd,"School Leader (Principal, DSO, Dean)",Yes,N/A (if you answered yes to above question)
wCzDbe51b9,Instructional Staff,Yes,N/A (if you answered yes to above question)
v71f0V8g0O,Instructional Staff,Yes,N/A (if you answered yes to above question)
c5FmWBMmWr,Instructional Staff,Yes,N/A (if you answered yes to above question)
EksFrlevxm,"School Leader (Principal, DSO, Dean)",No,N/A (if you answered yes to above question)
OuRgAYaPsF,"School Leader (Principal, DSO, Dean)",Yes,N/A (if you answered yes to above question)
YAUxbuuVSi,Instructional Staff,Yes,N/A (if you answered yes to above question)
P9EOStCfLw,Instructional Staff,Yes,N/A (if you answered yes to above question)
OEV6OEstz2,"School Leader (Principal, DSO, Dean)",Yes,N/A (if you answered yes to above question)
jUhCCCoTwC,Instructional Staff,Yes,N/A (if you answered yes to above question)
nwA8NLRTRI,Instructional Staff,Yes,N/A (if you answered yes to above question)
kTccmCYcbM,Instructional Staff,No,Child care
qHFMqfJ0GP,"School Leader (Principal, DSO, Dean)",Yes,N/A (if you answered yes to above question)
856Jvqp4ue,Non-Instructional Staff,Yes,N/A (if you answered yes to above question)
RGalnBS10m,Instructional Staff,Yes,N/A (if you answered yes to above question)
xQskxVBKUn,Instructional Staff,Yes,N/A (if you answered yes to above question)
u4TdaCMiJg,Instructional Staff,Yes,N/A (if you answered yes to above question)
gLmIK1q4xN,Instructional Staff,Yes,N/A (if you answered yes to above question)
Y00fxIdImp,Instructional Staff,Yes,N/A (if you answered yes to above question)
iBpklXpUd8,Non-Instructional Staff,No,Health concern for myself (as determined by a doctor)
Z8VDVbIK2d,Operations Staff,No,Health concern for myself (as determined by a doctor)
qT70zbVY9c,Instructional Staff,Yes,N/A (if you answered yes to above question)
yr20veTbUM,"School Leader (Principal, DSO, Dean)",Yes,N/A (if you answered yes to above question)
rsU8Bs1at6,Instructional Staff,Yes,N/A (if you answered yes to above question)
UF6W7TKEYj,Non-Instructional Staff,No,Child care
u3DzlkgpLK,"School Leader (Principal, DSO, Dean)",Yes,N/A (if you answered yes to above question)
4IxJJzjbgL,Instructional Staff,No,Health concern for someone I live with/care for (as determined by a doctor)
0iSCmQ34CR,Instructional Staff,Yes,N/A (if you answered yes to above question)
wRUjuig1H5,"School Leader (Principal, DSO, Dean)",Yes,N/A (if you answered yes to above question)
2S0v42C4ex,Instructional Staff,Yes,N/A (if you answered yes to above question)
cWzn9qYmN2,Instructional Staff,Yes,N/A (if you answered yes to above question)
1vXakCpjcK,Instructional Staff,Yes,N/A (if you answered yes to above question)
eMcxVMC1rF,Instructional Staff,Yes,N/A (if you answered yes to above question)
IOxLZ5u2M6,Instructional Staff,Yes,N/A (if you answered yes to above question)
vrBMjGhNGg,Operations Staff,Yes,N/A (if you answered yes to above question)
AyWtM3aokv,"School Leader (Principal, DSO, Dean)",Yes,N/A (if you answered yes to above question)
30gEO4zScQ,Instructional Staff,Yes,N/A (if you answered yes to above question)
nNzEZKMz6u,Operations Staff,Yes,N/A (if you answered yes to above question)
jx7IXaiZlH,Operations Staff,Yes,N/A (if you answered yes to above question)
QusjGgRNBD,Operations Staff,Yes,N/A (if you answered yes to above question)
FDV9qYo6yT,Instructional Staff,Yes,N/A (if you answered yes to above question)
jogaoIQaDb,Instructional Staff,Yes,N/A (if you answered yes to above question)
P2vzb6ovvX,"School Leader (Principal, DSO, Dean)",No,Health concern for someone I live with/care for (as determined by a doctor)
1xC3k0WqnJ,"School Leader (Principal, DSO, Dean)",Yes,N/A (if you answered yes to above question)
VfPJmj6FIC,Instructional Staff,Yes,N/A (if you answered yes to above question)
xk3Lo9B9s7,Operations Staff,Yes,N/A (if you answered yes to above question)
EVN6uV5dyu,"School Leader (Principal, DSO, Dean)",Yes,N/A (if you answered yes to above question)
OKjhCutbI7,Instructional Staff,Yes,N/A (if you answered yes to above question)
OC7ecEefiM,"School Leader (Principal, DSO, Dean)",Yes,N/A (if you answered yes to above question)
T9lmXcTCc7,"School Leader (Principal, DSO, Dean)",Yes,N/A (if you answered yes to above question)
RbegaDQBBZ,Instructional Staff,Yes,Child care
YqxELr0CTc,Non-Instructional Staff,Yes,N/A (if you answered yes to above question)
cpMT5aah3d,"School Leader (Principal, DSO, Dean)",Yes,N/A (if you answered yes to above question)
seIAyzoGR5,"School Leader (Principal, DSO, Dean)",Yes,N/A (if you answered yes to above question)
LFbEd3IyIU,Instructional Staff,Yes,N/A (if you answered yes to above question)
bvQmoeGzBH,"School Leader (Principal, DSO, Dean)",Yes,N/A (if you answered yes to above question)
cCG7zOkKXj,Instructional Staff,Yes,N/A (if you answered yes to above question)
MpgHXKiOqb,Non-Instructional Staff,Yes,N/A (if you answered yes to above question)
JoJnIq9CzB,"School Leader (Principal, DSO, Dean)",Yes,Child care
uvJSEuazrf,"School Leader (Principal, DSO, Dean)",No,Other
Fyeyd4CZjX,Instructional Staff,Yes,N/A (if you answered yes to above question)
rt3musG504,Instructional Staff,Yes,N/A (if you answered yes to above question)
kqPmIgmt2q,"School Leader (Principal, DSO, Dean)",Yes,N/A (if you answered yes to above question)
4Ojs9HrTyh,"School Leader (Principal, DSO, Dean)",Yes,N/A (if you answered yes to above question)
N33povACm6,Instructional Staff,Yes,N/A (if you answered yes to above question)
cYNjwnVqBX,Instructional Staff,No,Health concern for myself (as determined by a doctor)
XoRzTwNS6F,Instructional Staff,Yes,N/A (if you answered yes to above question)
qwRyNNs5Sv,Instructional Staff,No,Child care
48F3R1gZBE,Operations Staff,Yes,N/A (if you answered yes to above question)
cRc7NlswCZ,Instructional Staff,No,Other
8N8bJcNugU,Instructional Staff,No,Child care
REcwlj3sgO,Instructional Staff,Yes,N/A (if you answered yes to above question)
py5HWVxMWb,Instructional Staff,No,Other
dv3B8YGIxa,Instructional Staff,Yes,N/A (if you answered yes to above question)
wyqnbgVXO0,Instructional Staff,Yes,N/A (if you answered yes to above question)
PmXruYmV2A,Instructional Staff,No,Child care
TxMEUCDYN9,Instructional Staff,No,Health concern for someone I live with/care for (as determined by a doctor)
esWJWawmB5,Operations Staff,No,Child care
mjX4xGk3u9,Operations Staff,No,Other
RUJEzR1nRA,Operations Staff,Yes,N/A (if you answered yes to above question)
AVs8rSJ7mo,Instructional Staff,Yes,N/A (if you answered yes to above question)
EDR8S2NfGI,Instructional Staff,No,Other
MZN4RixBce,Non-Instructional Staff,Yes,N/A (if you answered yes to above question)
l4Jg0BEBQS,Instructional Staff,Yes,N/A (if you answered yes to above question)
8KdoNSKC3w,Instructional Staff,No,Health concern for myself (as determined by a doctor)
YDkbwE2Vj6,Instructional Staff,No,Health concern for myself (as determined by a doctor)
ppve70NrKD,Instructional Staff,Yes,N/A (if you answered yes to above question)
ou9mLWMwzr,Instructional Staff,Yes,N/A (if you answered yes to above question)
UNt0ClMO8E,"School Leader (Principal, DSO, Dean)",Yes,N/A (if you answered yes to above question)
1UqS6tmV5s,Instructional Staff,Yes,N/A (if you answered yes to above question)
xTGpW8h7Hj,Instructional Staff,No,Health concern for someone I live with/care for (as determined by a doctor)
wq8BaJEtoM,Instructional Staff,Yes,N/A (if you answered yes to above question)
iajkW2vtpQ,Instructional Staff,Yes,N/A (if you answered yes to above question)
1ThtUQgbFa,Instructional Staff,No,Child care
jZF002PHhw,Operations Staff,No,Other
djw2uo3n7e,Instructional Staff,Yes,Health concern for myself (as determined by a doctor)
shHbku3sF6,"School Leader (Principal, DSO, Dean)",Yes,N/A (if you answered yes to above question)
vXUPkG31ja,Instructional Staff,Yes,N/A (if you answered yes to above question)
HyiBzU2g3S,Instructional Staff,Yes,N/A (if you answered yes to above question)
BUruSncAJv,Instructional Staff,No,Health concern for myself (as determined by a doctor)
PUpgHL5qbd,Instructional Staff,Yes,N/A (if you answered yes to above question)
wCzDbe51b9,Operations Staff,Yes,N/A (if you answered yes to above question)
v71f0V8g0O,Instructional Staff,Yes,N/A (if you answered yes to above question)
c5FmWBMmWr,"School Leader (Principal, DSO, Dean)",Yes,N/A (if you answered yes to above question)
EksFrlevxm,"School Leader (Principal, DSO, Dean)",Yes,N/A (if you answered yes to above question)
OuRgAYaPsF,Instructional Staff,Yes,N/A (if you answered yes to above question)
YAUxbuuVSi,Instructional Staff,Yes,N/A (if you answered yes to above question)
P9EOStCfLw,Operations Staff,Yes,N/A (if you answered yes to above question)
OEV6OEstz2,"School Leader (Principal, DSO, Dean)",Yes,N/A (if you answered yes to above question)
jUhCCCoTwC,"School Leader (Principal, DSO, Dean)",Yes,N/A (if you answered yes to above question)
nwA8NLRTRI,Non-Instructional Staff,Yes,N/A (if you answered yes to above question)
kTccmCYcbM,Instructional Staff,Yes,N/A (if you answered yes to above question)
qHFMqfJ0GP,Instructional Staff,Yes,N/A (if you answered yes to above question)
856Jvqp4ue,Instructional Staff,Yes,N/A (if you answered yes to above question)
RGalnBS10m,Instructional Staff,Yes,N/A (if you answered yes to above question)
xQskxVBKUn,Instructional Staff,Yes,N/A (if you answered yes to above question)
u4TdaCMiJg,"School Leader (Principal, DSO, Dean)",No,Health concern for myself (as determined by a doctor)
gLmIK1q4xN,Instructional Staff,Yes,N/A (if you answered yes to above question)
Y00fxIdImp,"School Leader (Principal, DSO, Dean)",No,Other
iBpklXpUd8,Instructional Staff,Yes,N/A (if you answered yes to above question)
Z8VDVbIK2d,Instructional Staff,Yes,N/A (if you answered yes to above question)
qT70zbVY9c,Operations Staff,Yes,N/A (if you answered yes to above question)
yr20veTbUM,Instructional Staff,No,N/A (if you answered yes to above question)
rsU8Bs1at6,Instructional Staff,Yes,N/A (if you answered yes to above question)
UF6W7TKEYj,Instructional Staff,No,Other
u3DzlkgpLK,Instructional Staff,Yes,N/A (if you answered yes to above question)
4IxJJzjbgL,Instructional Staff,No,Other
0iSCmQ34CR,Operations Staff,Yes,N/A (if you answered yes to above question)
wRUjuig1H5,Instructional Staff,No,N/A (if you answered yes to above question)
2S0v42C4ex,Instructional Staff,No,Other
cWzn9qYmN2,Instructional Staff,Yes,N/A (if you answered yes to above question)
1vXakCpjcK,Instructional Staff,Yes,N/A (if you answered yes to above question)
eMcxVMC1rF,Instructional Staff,Yes,N/A (if you answered yes to above question)
IOxLZ5u2M6,Instructional Staff,Yes,N/A (if you answered yes to above question)
vrBMjGhNGg,Instructional Staff,Yes,N/A (if you answered yes to above question)
AyWtM3aokv,Non-Instructional Staff,Yes,N/A (if you answered yes to above question)
30gEO4zScQ,"School Leader (Principal, DSO, Dean)",Yes,N/A (if you answered yes to above question)
nNzEZKMz6u,Instructional Staff,Yes,N/A (if you answered yes to above question)
jx7IXaiZlH,Non-Instructional Staff,Yes,N/A (if you answered yes to above question)
QusjGgRNBD,Instructional Staff,No,Child care
FDV9qYo6yT,Instructional Staff,Yes,N/A (if you answered yes to above question)
jogaoIQaDb,Instructional Staff,Yes,N/A (if you answered yes to above question)
P2vzb6ovvX,Operations Staff,No,Health concern for myself (as determined by a doctor)
1xC3k0WqnJ,Instructional Staff,Yes,N/A (if you answered yes to above question)
VfPJmj6FIC,Instructional Staff,Yes,N/A (if you answered yes to above question)
xk3Lo9B9s7,Instructional Staff,No,Child care
EVN6uV5dyu,Instructional Staff,No,Child care
OKjhCutbI7,Instructional Staff,Yes,N/A (if you answered yes to above question)
OC7ecEefiM,Operations Staff,Yes,N/A (if you answered yes to above question)
T9lmXcTCc7,Instructional Staff,No,Health concern for myself (as determined by a doctor)
RbegaDQBBZ,Instructional Staff,Yes,Health concern for myself (as determined by a doctor)
YqxELr0CTc,"School Leader (Principal, DSO, Dean)",Yes,N/A (if you answered yes to above question)
cpMT5aah3d,Instructional Staff,Yes,N/A (if you answered yes to above question)
seIAyzoGR5,Instructional Staff,Yes,N/A (if you answered yes to above question)
LFbEd3IyIU,Instructional Staff,No,Health concern for myself (as determined by a doctor)
bvQmoeGzBH,"School Leader (Principal, DSO, Dean)",Yes,N/A (if you answered yes to above question)
cCG7zOkKXj,Instructional Staff,Yes,N/A (if you answered yes to above question)
MpgHXKiOqb,Instructional Staff,Yes,N/A (if you answered yes to above question)
JoJnIq9CzB,Instructional Staff,Yes,N/A (if you answered yes to above question)
uvJSEuazrf,Instructional Staff,Yes,N/A (if you answered yes to above question)
Fyeyd4CZjX,Instructional Staff,No,Health concern for someone I live with/care for (as determined by a doctor)
rt3musG504,"School Leader (Principal, DSO, Dean)",Yes,N/A (if you answered yes to above question)
kqPmIgmt2q,Instructional Staff,Yes,N/A (if you answered yes to above question)
4Ojs9HrTyh,Non-Instructional Staff,Yes,N/A (if you answered yes to above question)
N33povACm6,Instructional Staff,Yes,N/A (if you answered yes to above question)
cYNjwnVqBX,Instructional Staff,Yes,N/A (if you answered yes to above question)
XoRzTwNS6F,Instructional Staff,Yes,N/A (if you answered yes to above question)
qwRyNNs5Sv,Instructional Staff,Yes,N/A (if you answered yes to above question)
48F3R1gZBE,Instructional Staff,Yes,N/A (if you answered yes to above question)
cRc7NlswCZ,Instructional Staff,Yes,N/A (if you answered yes to above question)
8N8bJcNugU,Instructional Staff,Yes,N/A (if you answered yes to above question)
REcwlj3sgO,Instructional Staff,Yes,N/A (if you answered yes to above question)
py5HWVxMWb,Instructional Staff,Yes,N/A (if you answered yes to above question)
dv3B8YGIxa,Instructional Staff,No,Child care
wyqnbgVXO0,Instructional Staff,Yes,N/A (if you answered yes to above question)
PmXruYmV2A,"School Leader (Principal, DSO, Dean)",No,Health concern for myself (as determined by a doctor)
TxMEUCDYN9,Instructional Staff,No,Health concern for myself (as determined by a doctor)
esWJWawmB5,Instructional Staff,No,Other
mjX4xGk3u9,Instructional Staff,No,Health concern for myself (as determined by a doctor)
RUJEzR1nRA,Instructional Staff,Yes,N/A (if you answered yes to above question)
AVs8rSJ7mo,Instructional Staff,Yes,Child care
EDR8S2NfGI,Instructional Staff,Yes,N/A (if you answered yes to above question)
MZN4RixBce,Instructional Staff,Yes,N/A (if you answered yes to above question)
l4Jg0BEBQS,"School Leader (Principal, DSO, Dean)",Yes,N/A (if you answered yes to above question)
8KdoNSKC3w,Instructional Staff,Yes,N/A (if you answered yes to above question)
YDkbwE2Vj6,Instructional Staff,Yes,N/A (if you answered yes to above question)
ppve70NrKD,Instructional Staff,Yes,N/A (if you answered yes to above question)
ou9mLWMwzr,Instructional Staff,Yes,N/A (if you answered yes to above question)
UNt0ClMO8E,Instructional Staff,Yes,N/A (if you answered yes to above question)
1UqS6tmV5s,Instructional Staff,Yes,N/A (if you answered yes to above question)
xTGpW8h7Hj,Instructional Staff,Yes,N/A (if you answered yes to above question)
wq8BaJEtoM,Instructional Staff,Yes,N/A (if you answered yes to above question)
iajkW2vtpQ,Instructional Staff,Yes,N/A (if you answered yes to above question)
1ThtUQgbFa,Instructional Staff,Yes,N/A (if you answered yes to above question)
jZF002PHhw,Instructional Staff,Yes,N/A (if you answered yes to above question)
djw2uo3n7e,Instructional Staff,No,Health concern for myself (as determined by a doctor)
shHbku3sF6,Instructional Staff,Yes,N/A (if you answered yes to above question)
vXUPkG31ja,Instructional Staff,Yes,N/A (if you answered yes to above question)
HyiBzU2g3S,"School Leader (Principal, DSO, Dean)",No,N/A (if you answered yes to above question)
BUruSncAJv,Instructional Staff,Yes,N/A (if you answered yes to above question)
PUpgHL5qbd,Instructional Staff,Yes,N/A (if you answered yes to above question)
wCzDbe51b9,"School Leader (Principal, DSO, Dean)",No,Child care
v71f0V8g0O,Instructional Staff,Yes,N/A (if you answered yes to above question)
c5FmWBMmWr,Instructional Staff,No,Other
EksFrlevxm,Instructional Staff,Yes,N/A (if you answered yes to above question)
OuRgAYaPsF,Instructional Staff,Yes,N/A (if you answered yes to above question)
YAUxbuuVSi,Instructional Staff,Yes,N/A (if you answered yes to above question)
P9EOStCfLw,Instructional Staff,No,N/A (if you answered yes to above question)
OEV6OEstz2,Instructional Staff,Yes,N/A (if you answered yes to above question)
jUhCCCoTwC,Non-Instructional Staff,No,Health concern for someone I live with/care for (as determined by a doctor)
nwA8NLRTRI,Instructional Staff,Yes,N/A (if you answered yes to above question)
kTccmCYcbM,Instructional Staff,Yes,N/A (if you answered yes to above question)
qHFMqfJ0GP,Instructional Staff,Yes,N/A (if you answered yes to above question)
856Jvqp4ue,"School Leader (Principal, DSO, Dean)",No,Health concern for myself (as determined by a doctor)
RGalnBS10m,Instructional Staff,Yes,N/A (if you answered yes to above question)
xQskxVBKUn,Instructional Staff,No,Health concern for someone I live with/care for (as determined by a doctor)
u4TdaCMiJg,Instructional Staff,Yes,N/A (if you answered yes to above question)
gLmIK1q4xN,Instructional Staff,No,Other
Y00fxIdImp,Instructional Staff,Yes,N/A (if you answered yes to above question)
iBpklXpUd8,Operations Staff,Yes,N/A (if you answered yes to above question)
Z8VDVbIK2d,Instructional Staff,Yes,Other
qT70zbVY9c,Instructional Staff,Yes,N/A (if you answered yes to above question)
yr20veTbUM,Instructional Staff,Yes,N/A (if you answered yes to above question)
rsU8Bs1at6,Non-Instructional Staff,No,Other
UF6W7TKEYj,Instructional Staff,No,Health concern for myself (as determined by a doctor)
u3DzlkgpLK,Instructional Staff,Yes,N/A (if you answered yes to above question)
4IxJJzjbgL,Operations Staff,No,Health concern for someone I live with/care for (as determined by a doctor)
0iSCmQ34CR,Instructional Staff,Yes,N/A (if you answered yes to above question)
wRUjuig1H5,"School Leader (Principal, DSO, Dean)",Yes,N/A (if you answered yes to above question)
2S0v42C4ex,Operations Staff,No,Other
cWzn9qYmN2,Operations Staff,No,Health concern for someone I live with/care for (as determined by a doctor)
1vXakCpjcK,Instructional Staff,No,Child care
eMcxVMC1rF,"School Leader (Principal, DSO, Dean)",No,Other
IOxLZ5u2M6,Instructional Staff,No,Health concern for someone I live with/care for (as determined by a doctor)
vrBMjGhNGg,Non-Instructional Staff,Yes,N/A (if you answered yes to above question)
AyWtM3aokv,Instructional Staff,Yes,N/A (if you answered yes to above question)
30gEO4zScQ,Instructional Staff,Yes,Other
nNzEZKMz6u,Operations Staff,Yes,N/A (if you answered yes to above question)
jx7IXaiZlH,Instructional Staff,Yes,N/A (if you answered yes to above question)
QusjGgRNBD,Non-Instructional Staff,No,Child care
FDV9qYo6yT,"School Leader (Principal, DSO, Dean)",Yes,Health concern for myself (as determined by a doctor)
jogaoIQaDb,Instructional Staff,Yes,N/A (if you answered yes to above question)
P2vzb6ovvX,Instructional Staff,Yes,N/A (if you answered yes to above question)
1xC3k0WqnJ,Non-Instructional Staff,No,Other
VfPJmj6FIC,Instructional Staff,No,Other
xk3Lo9B9s7,Instructional Staff,No,Other
EVN6uV5dyu,Instructional Staff,No,Health concern for myself (as determined by a doctor)
OKjhCutbI7,Non-Instructional Staff,No,Other
OC7ecEefiM,Instructional Staff,Yes,N/A (if you answered yes to above question)
T9lmXcTCc7,Instructional Staff,Yes,N/A (if you answered yes to above question)
RbegaDQBBZ,Instructional Staff,Yes,N/A (if you answered yes to above question)
YqxELr0CTc,Instructional Staff,Yes,N/A (if you answered yes to above question)
cpMT5aah3d,Instructional Staff,No,Health concern for someone I live with/care for (as determined by a doctor)
seIAyzoGR5,Instructional Staff,No,Child care
LFbEd3IyIU,Instructional Staff,No,Child care
bvQmoeGzBH,Instructional Staff,No,N/A (if you answered yes to above question)
cCG7zOkKXj,Instructional Staff,No,Child care
MpgHXKiOqb,"School Leader (Principal, DSO, Dean)",Yes,N/A (if you answered yes to above question)
JoJnIq9CzB,Instructional Staff,Yes,N/A (if you answered yes to above question)
uvJSEuazrf,"School Leader (Principal, DSO, Dean)",Yes,N/A (if you answered yes to above question)
Fyeyd4CZjX,Instructional Staff,Yes,N/A (if you answered yes to above question)
rt3musG504,Instructional Staff,No,Health concern for someone I live with/care for (as determined by a doctor)
kqPmIgmt2q,Instructional Staff,Yes,N/A (if you answered yes to above question)
4Ojs9HrTyh,Instructional Staff,No,Health concern for someone I live with/care for (as determined by a doctor)
N33povACm6,Instructional Staff,Yes,N/A (if you answered yes to above question)
cYNjwnVqBX,"School Leader (Principal, DSO, Dean)",No,Health concern for myself (as determined by a doctor)
XoRzTwNS6F,"School Leader (Principal, DSO, Dean)",No,Child care
qwRyNNs5Sv,Instructional Staff,Yes,N/A (if you answered yes to above question)
48F3R1gZBE,Instructional Staff,Yes,N/A (if you answered yes to above question)
cRc7NlswCZ,Instructional Staff,Yes,N/A (if you answered yes to above question)
8N8bJcNugU,Instructional Staff,Yes,N/A (if you answered yes to above question)
REcwlj3sgO,Instructional Staff,No,Health concern for myself (as determined by a doctor)
py5HWVxMWb,Instructional Staff,No,Other
dv3B8YGIxa,Instructional Staff,Yes,N/A (if you answered yes to above question)
wyqnbgVXO0,Instructional Staff,No,Health concern for someone I live with/care for (as determined by a doctor)
PmXruYmV2A,Instructional Staff,Yes,N/A (if you answered yes to above question)
TxMEUCDYN9,Instructional Staff,Yes,N/A (if you answered yes to above question)
esWJWawmB5,"School Leader (Principal, DSO, Dean)",Yes,N/A (if you answered yes to above question)
mjX4xGk3u9,Instructional Staff,Yes,N/A (if you answered yes to above question)
RUJEzR1nRA,Instructional Staff,Yes,N/A (if you answered yes to above question)
AVs8rSJ7mo,Operations Staff,Yes,N/A (if you answered yes to above question)
EDR8S2NfGI,Instructional Staff,Yes,N/A (if you answered yes to above question)
MZN4RixBce,Instructional Staff,Yes,N/A (if you answered yes to above question)
l4Jg0BEBQS,Instructional Staff,Yes,N/A (if you answered yes to above question)
8KdoNSKC3w,Instructional Staff,Yes,N/A (if you answered yes to above question)
YDkbwE2Vj6,Instructional Staff,Yes,N/A (if you answered yes to above question)
ppve70NrKD,Instructional Staff,Yes,N/A (if you answered yes to above question)
ou9mLWMwzr,"School Leader (Principal, DSO, Dean)",Yes,N/A (if you answered yes to above question)
UNt0ClMO8E,Non-Instructional Staff,Yes,N/A (if you answered yes to above question)
UNt0ClMO8E,Instructional Staff,Yes,N/A (if you answered yes to above question)
xTGpW8h7Hj,Instructional Staff,Yes,N/A (if you answered yes to above question)
wq8BaJEtoM,Instructional Staff,Yes,N/A (if you answered yes to above question)
iajkW2vtpQ,Instructional Staff,Yes,N/A (if you answered yes to above question)
1ThtUQgbFa,Instructional Staff,Yes,N/A (if you answered yes to above question)
jZF002PHhw,Instructional Staff,Yes,N/A (if you answered yes to above question)
djw2uo3n7e,Operations Staff,Yes,N/A (if you answered yes to above question)
shHbku3sF6,Non-Instructional Staff,Yes,N/A (if you answered yes to above question)
vXUPkG31ja,Instructional Staff,Yes,N/A (if you answered yes to above question)
HyiBzU2g3S,Instructional Staff,No,Child care
BUruSncAJv,Non-Instructional Staff,Yes,N/A (if you answered yes to above question)
PUpgHL5qbd,"School Leader (Principal, DSO, Dean)",Yes,N/A (if you answered yes to above question)
wCzDbe51b9,Instructional Staff,Yes,N/A (if you answered yes to above question)
v71f0V8g0O,Instructional Staff,No,Health concern for myself (as determined by a doctor)
c5FmWBMmWr,Instructional Staff,Yes,N/A (if you answered yes to above question)
EksFrlevxm,Instructional Staff,Yes,N/A (if you answered yes to above question)
OuRgAYaPsF,"School Leader (Principal, DSO, Dean)",Yes,N/A (if you answered yes to above question)
YAUxbuuVSi,Instructional Staff,No,Health concern for myself (as determined by a doctor)
P9EOStCfLw,Instructional Staff,Yes,N/A (if you answered yes to above question)
OEV6OEstz2,Instructional Staff,Yes,N/A (if you answered yes to above question)
jUhCCCoTwC,Operations Staff,Yes,N/A (if you answered yes to above question)
nwA8NLRTRI,Non-Instructional Staff,No,Other
kTccmCYcbM,Instructional Staff,Yes,N/A (if you answered yes to above question)
qHFMqfJ0GP,Instructional Staff,No,Health concern for myself (as determined by a doctor)
856Jvqp4ue,Non-Instructional Staff,No,Health concern for someone I live with/care for (as determined by a doctor)
RGalnBS10m,Operations Staff,Yes,N/A (if you answered yes to above question)
xQskxVBKUn,Instructional Staff,Yes,N/A (if you answered yes to above question)
u4TdaCMiJg,Instructional Staff,Yes,N/A (if you answered yes to above question)
gLmIK1q4xN,Non-Instructional Staff,No,Health concern for someone I live with/care for (as determined by a doctor)
Y00fxIdImp,Instructional Staff,Yes,N/A (if you answered yes to above question)
iBpklXpUd8,Instructional Staff,No,Other
Z8VDVbIK2d,Instructional Staff,Yes,N/A (if you answered yes to above question)
qT70zbVY9c,Operations Staff,Yes,N/A (if you answered yes to above question)
yr20veTbUM,Instructional Staff,Yes,N/A (if you answered yes to above question)
rsU8Bs1at6,Instructional Staff,Yes,N/A (if you answered yes to above question)
UF6W7TKEYj,Instructional Staff,Yes,N/A (if you answered yes to above question)
u3DzlkgpLK,Instructional Staff,Yes,N/A (if you answered yes to above question)
4IxJJzjbgL,Operations Staff,Yes,Child care
0iSCmQ34CR,Instructional Staff,Yes,N/A (if you answered yes to above question)
wRUjuig1H5,Instructional Staff,Yes,N/A (if you answered yes to above question)
2S0v42C4ex,Operations Staff,Yes,N/A (if you answered yes to above question)
cWzn9qYmN2,Instructional Staff,Yes,N/A (if you answered yes to above question)
1vXakCpjcK,Instructional Staff,Yes,N/A (if you answered yes to above question)
eMcxVMC1rF,Instructional Staff,Yes,N/A (if you answered yes to above question)
IOxLZ5u2M6,Instructional Staff,Yes,N/A (if you answered yes to above question)
vrBMjGhNGg,Operations Staff,Yes,N/A (if you answered yes to above question)
AyWtM3aokv,Non-Instructional Staff,Yes,N/A (if you answered yes to above question)
30gEO4zScQ,Instructional Staff,Yes,N/A (if you answered yes to above question)
nNzEZKMz6u,Instructional Staff,Yes,N/A (if you answered yes to above question)
jx7IXaiZlH,Instructional Staff,Yes,N/A (if you answered yes to above question)
QusjGgRNBD,Instructional Staff,Yes,N/A (if you answered yes to above question)
FDV9qYo6yT,Instructional Staff,No,Other
jogaoIQaDb,Instructional Staff,Yes,N/A (if you answered yes to above question)
P2vzb6ovvX,Operations Staff,Yes,N/A (if you answered yes to above question)
1xC3k0WqnJ,Instructional Staff,Yes,N/A (if you answered yes to above question)
VfPJmj6FIC,Instructional Staff,No,Health concern for myself (as determined by a doctor)
xk3Lo9B9s7,"School Leader (Principal, DSO, Dean)",No,Child care
EVN6uV5dyu,Instructional Staff,Yes,Other
OKjhCutbI7,Instructional Staff,No,Child care
OC7ecEefiM,Instructional Staff,Yes,N/A (if you answered yes to above question)
T9lmXcTCc7,"School Leader (Principal, DSO, Dean)",Yes,N/A (if you answered yes to above question)
RbegaDQBBZ,Instructional Staff,Yes,N/A (if you answered yes to above question)
YqxELr0CTc,Instructional Staff,Yes,N/A (if you answered yes to above question)
cpMT5aah3d,Operations Staff,Yes,N/A (if you answered yes to above question)
seIAyzoGR5,Instructional Staff,Yes,N/A (if you answered yes to above question)
LFbEd3IyIU,"School Leader (Principal, DSO, Dean)",No,Child care
bvQmoeGzBH,Instructional Staff,Yes,N/A (if you answered yes to above question)
cCG7zOkKXj,Instructional Staff,No,Child care
MpgHXKiOqb,Instructional Staff,Yes,N/A (if you answered yes to above question)
JoJnIq9CzB,Instructional Staff,No,Health concern for someone I live with/care for (as determined by a doctor)
uvJSEuazrf,Instructional Staff,No,Health concern for myself (as determined by a doctor)
Fyeyd4CZjX,Instructional Staff,Yes,N/A (if you answered yes to above question)
rt3musG504,Instructional Staff,Yes,N/A (if you answered yes to above question)
kqPmIgmt2q,Instructional Staff,Yes,N/A (if you answered yes to above question)
4Ojs9HrTyh,Instructional Staff,Yes,N/A (if you answered yes to above question)
N33povACm6,"School Leader (Principal, DSO, Dean)",Yes,N/A (if you answered yes to above question)
cYNjwnVqBX,Instructional Staff,No,Health concern for someone I live with/care for (as determined by a doctor)
XoRzTwNS6F,"School Leader (Principal, DSO, Dean)",Yes,N/A (if you answered yes to above question)
qwRyNNs5Sv,Instructional Staff,No,Health concern for someone I live with/care for (as determined by a doctor)
48F3R1gZBE,Instructional Staff,Yes,N/A (if you answered yes to above question)
cRc7NlswCZ,Instructional Staff,Yes,N/A (if you answered yes to above question)
8N8bJcNugU,Instructional Staff,Yes,N/A (if you answered yes to above question)
REcwlj3sgO,Instructional Staff,Yes,N/A (if you answered yes to above question)
py5HWVxMWb,"School Leader (Principal, DSO, Dean)",Yes,N/A (if you answered yes to above question)
dv3B8YGIxa,Instructional Staff,Yes,N/A (if you answered yes to above question)
wyqnbgVXO0,Instructional Staff,No,Other
PmXruYmV2A,Instructional Staff,Yes,N/A (if you answered yes to above question)
TxMEUCDYN9,Instructional Staff,Yes,N/A (if you answered yes to above question)
esWJWawmB5,"School Leader (Principal, DSO, Dean)",Yes,N/A (if you answered yes to above question)
mjX4xGk3u9,Instructional Staff,No,Health concern for someone I live with/care for (as determined by a doctor)
RUJEzR1nRA,Instructional Staff,Yes,N/A (if you answered yes to above question)
AVs8rSJ7mo,Instructional Staff,Yes,N/A (if you answered yes to above question)
EDR8S2NfGI,Operations Staff,Yes,N/A (if you answered yes to above question)
MZN4RixBce,"School Leader (Principal, DSO, Dean)",Yes,N/A (if you answered yes to above question)
l4Jg0BEBQS,Instructional Staff,Yes,N/A (if you answered yes to above question)
8KdoNSKC3w,"School Leader (Principal, DSO, Dean)",Yes,N/A (if you answered yes to above question)
YDkbwE2Vj6,Instructional Staff,Yes,N/A (if you answered yes to above question)
ppve70NrKD,Instructional Staff,Yes,N/A (if you answered yes to above question)
ou9mLWMwzr,Instructional Staff,No,Health concern for someone I live with/care for (as determined by a doctor)
UNt0ClMO8E,Instructional Staff,Yes,N/A (if you answered yes to above question)
1UqS6tmV5s,Instructional Staff,Yes,N/A (if you answered yes to above question)
xTGpW8h7Hj,"School Leader (Principal, DSO, Dean)",Yes,N/A (if you answered yes to above question)
wq8BaJEtoM,Instructional Staff,No,Health concern for myself (as determined by a doctor)
iajkW2vtpQ,"School Leader (Principal, DSO, Dean)",Yes,N/A (if you answered yes to above question)
1ThtUQgbFa,"School Leader (Principal, DSO, Dean)",Yes,N/A (if you answered yes to above question)
jZF002PHhw,Instructional Staff,Yes,N/A (if you answered yes to above question)
djw2uo3n7e,Non-Instructional Staff,Yes,N/A (if you answered yes to above question)
shHbku3sF6,"School Leader (Principal, DSO, Dean)",Yes,N/A (if you answered yes to above question)
vXUPkG31ja,Instructional Staff,Yes,N/A (if you answered yes to above question)
HyiBzU2g3S,Instructional Staff,Yes,N/A (if you answered yes to above question)
BUruSncAJv,Instructional Staff,Yes,N/A (if you answered yes to above question)
PUpgHL5qbd,Instructional Staff,Yes,N/A (if you answered yes to above question)
wCzDbe51b9,Instructional Staff,Yes,N/A (if you answered yes to above question)
v71f0V8g0O,Non-Instructional Staff,Yes,N/A (if you answered yes to above question)
c5FmWBMmWr,Instructional Staff,Yes,N/A (if you answered yes to above question)
EksFrlevxm,Instructional Staff,Yes,N/A (if you answered yes to above question)
OuRgAYaPsF,Instructional Staff,Yes,Child care
YAUxbuuVSi,"School Leader (Principal, DSO, Dean)",No,Health concern for someone I live with/care for (as determined by a doctor)
P9EOStCfLw,Instructional Staff,Yes,N/A (if you answered yes to above question)
OEV6OEstz2,Instructional Staff,No,Health concern for someone I live with/care for (as determined by a doctor)
jUhCCCoTwC,"School Leader (Principal, DSO, Dean)",Yes,N/A (if you answered yes to above question)
nwA8NLRTRI,Instructional Staff,No,Health concern for myself (as determined by a doctor)
kTccmCYcbM,Non-Instructional Staff,No,Other
qHFMqfJ0GP,Non-Instructional Staff,No,Other
856Jvqp4ue,Instructional Staff,Yes,Child care
RGalnBS10m,Instructional Staff,Yes,N/A (if you answered yes to above question)
xQskxVBKUn,Instructional Staff,Yes,N/A (if you answered yes to above question)
u4TdaCMiJg,Instructional Staff,Yes,N/A (if you answered yes to above question)
gLmIK1q4xN,Instructional Staff,Yes,N/A (if you answered yes to above question)
Y00fxIdImp,Instructional Staff,No,Health concern for someone I live with/care for (as determined by a doctor)
iBpklXpUd8,Instructional Staff,Yes,N/A (if you answered yes to above question)
Z8VDVbIK2d,Instructional Staff,Yes,N/A (if you answered yes to above question)
qT70zbVY9c,Instructional Staff,Yes,N/A (if you answered yes to above question)
yr20veTbUM,Instructional Staff,Yes,N/A (if you answered yes to above question)
rsU8Bs1at6,Instructional Staff,No,Child care
UF6W7TKEYj,"School Leader (Principal, DSO, Dean)",Yes,N/A (if you answered yes to above question)
u3DzlkgpLK,Instructional Staff,No,Child care
4IxJJzjbgL,Instructional Staff,Yes,N/A (if you answered yes to above question)
0iSCmQ34CR,Instructional Staff,Yes,N/A (if you answered yes to above question)
wRUjuig1H5,Instructional Staff,Yes,N/A (if you answered yes to above question)
2S0v42C4ex,Instructional Staff,No,Other
cWzn9qYmN2,Instructional Staff,Yes,N/A (if you answered yes to above question)
1vXakCpjcK,Instructional Staff,Yes,N/A (if you answered yes to above question)
eMcxVMC1rF,Instructional Staff,No,Other
IOxLZ5u2M6,"School Leader (Principal, DSO, Dean)",No,Child care
vrBMjGhNGg,Instructional Staff,Yes,N/A (if you answered yes to above question)
AyWtM3aokv,Operations Staff,Yes,N/A (if you answered yes to above question)
30gEO4zScQ,Instructional Staff,Yes,N/A (if you answered yes to above question)
nNzEZKMz6u,Instructional Staff,Yes,N/A (if you answered yes to above question)
jx7IXaiZlH,Instructional Staff,Yes,N/A (if you answered yes to above question)
QusjGgRNBD,Instructional Staff,Yes,N/A (if you answered yes to above question)
FDV9qYo6yT,Instructional Staff,No,N/A (if you answered yes to above question)
jogaoIQaDb,Instructional Staff,Yes,N/A (if you answered yes to above question)
P2vzb6ovvX,Non-Instructional Staff,No,Health concern for myself (as determined by a doctor)
1xC3k0WqnJ,Instructional Staff,No,Child care
VfPJmj6FIC,"School Leader (Principal, DSO, Dean)",No,Health concern for myself (as determined by a doctor)
xk3Lo9B9s7,Instructional Staff,Yes,N/A (if you answered yes to above question)
EVN6uV5dyu,Instructional Staff,No,N/A (if you answered yes to above question)
OKjhCutbI7,Instructional Staff,Yes,N/A (if you answered yes to above question)
OC7ecEefiM,"School Leader (Principal, DSO, Dean)",Yes,N/A (if you answered yes to above question)
T9lmXcTCc7,Instructional Staff,Yes,N/A (if you answered yes to above question)
RbegaDQBBZ,Instructional Staff,Yes,N/A (if you answered yes to above question)
YqxELr0CTc,Instructional Staff,Yes,N/A (if you answered yes to above question)
cpMT5aah3d,Instructional Staff,No,Health concern for someone I live with/care for (as determined by a doctor)
seIAyzoGR5,Instructional Staff,Yes,N/A (if you answered yes to above question)
LFbEd3IyIU,Instructional Staff,Yes,N/A (if you answered yes to above question)
bvQmoeGzBH,Instructional Staff,No,Health concern for myself (as determined by a doctor)
cCG7zOkKXj,Instructional Staff,Yes,N/A (if you answered yes to above question)
MpgHXKiOqb,Instructional Staff,Yes,N/A (if you answered yes to above question)
JoJnIq9CzB,Instructional Staff,No,Health concern for someone I live with/care for (as determined by a doctor)
uvJSEuazrf,Instructional Staff,Yes,N/A (if you answered yes to above question)
Fyeyd4CZjX,Instructional Staff,Yes,N/A (if you answered yes to above question)
rt3musG504,Non-Instructional Staff,No,Other
kqPmIgmt2q,Instructional Staff,Yes,N/A (if you answered yes to above question)
4Ojs9HrTyh,"School Leader (Principal, DSO, Dean)",No,Other
N33povACm6,Instructional Staff,Yes,N/A (if you answered yes to above question)
cYNjwnVqBX,"School Leader (Principal, DSO, Dean)",Yes,N/A (if you answered yes to above question)
XoRzTwNS6F,Operations Staff,No,Other
qwRyNNs5Sv,Non-Instructional Staff,Yes,N/A (if you answered yes to above question)
48F3R1gZBE,Instructional Staff,No,Other
cRc7NlswCZ,Instructional Staff,Yes,N/A (if you answered yes to above question)
8N8bJcNugU,Operations Staff,Yes,N/A (if you answered yes to above question)
REcwlj3sgO,Operations Staff,Yes,N/A (if you answered yes to above question)
py5HWVxMWb,Instructional Staff,Yes,N/A (if you answered yes to above question)
dv3B8YGIxa,Non-Instructional Staff,Yes,N/A (if you answered yes to above question)
wyqnbgVXO0,Instructional Staff,Yes,N/A (if you answered yes to above question)
PmXruYmV2A,"School Leader (Principal, DSO, Dean)",Yes,N/A (if you answered yes to above question)
TxMEUCDYN9,Instructional Staff,Yes,N/A (if you answered yes to above question)
esWJWawmB5,Instructional Staff,Yes,N/A (if you answered yes to above question)
mjX4xGk3u9,Operations Staff,Yes,Health concern for myself (as determined by a doctor)
RUJEzR1nRA,Instructional Staff,Yes,N/A (if you answered yes to above question)
AVs8rSJ7mo,Operations Staff,Yes,N/A (if you answered yes to above question)
EDR8S2NfGI,"School Leader (Principal, DSO, Dean)",Yes,N/A (if you answered yes to above question)
MZN4RixBce,Instructional Staff,Yes,N/A (if you answered yes to above question)
l4Jg0BEBQS,Instructional Staff,Yes,N/A (if you answered yes to above question)
8KdoNSKC3w,"School Leader (Principal, DSO, Dean)",Yes,N/A (if you answered yes to above question)
YDkbwE2Vj6,Instructional Staff,Yes,N/A (if you answered yes to above question)
ppve70NrKD,Instructional Staff,Yes,N/A (if you answered yes to above question)
ou9mLWMwzr,Instructional Staff,Yes,N/A (if you answered yes to above question)
UNt0ClMO8E,Instructional Staff,Yes,N/A (if you answered yes to above question)
1UqS6tmV5s,Instructional Staff,Yes,N/A (if you answered yes to above question)
xTGpW8h7Hj,Instructional Staff,Yes,N/A (if you answered yes to above question)
wq8BaJEtoM,Non-Instructional Staff,Yes,N/A (if you answered yes to above question)
iajkW2vtpQ,Instructional Staff,Yes,N/A (if you answered yes to above question)
1ThtUQgbFa,Instructional Staff,Yes,N/A (if you answered yes to above question)
jZF002PHhw,Instructional Staff,Yes,N/A (if you answered yes to above question)
djw2uo3n7e,Non-Instructional Staff,Yes,N/A (if you answered yes to above question)
shHbku3sF6,Instructional Staff,Yes,N/A (if you answered yes to above question)
vXUPkG31ja,"School Leader (Principal, DSO, Dean)",Yes,N/A (if you answered yes to above question)
HyiBzU2g3S,Instructional Staff,Yes,N/A (if you answered yes to above question)
BUruSncAJv,Instructional Staff,Yes,N/A (if you answered yes to above question)
PUpgHL5qbd,Instructional Staff,Yes,N/A (if you answered yes to above question)
wCzDbe51b9,Non-Instructional Staff,Yes,N/A (if you answered yes to above question)
v71f0V8g0O,Instructional Staff,No,Child care
c5FmWBMmWr,"School Leader (Principal, DSO, Dean)",Yes,N/A (if you answered yes to above question)
EksFrlevxm,Non-Instructional Staff,Yes,N/A (if you answered yes to above question)
OuRgAYaPsF,Instructional Staff,Yes,Other
YAUxbuuVSi,Instructional Staff,Yes,N/A (if you answered yes to above question)
P9EOStCfLw,"School Leader (Principal, DSO, Dean)",Yes,N/A (if you answered yes to above question)
OEV6OEstz2,Instructional Staff,Yes,N/A (if you answered yes to above question)
jUhCCCoTwC,Instructional Staff,Yes,N/A (if you answered yes to above question)
nwA8NLRTRI,Instructional Staff,Yes,N/A (if you answered yes to above question)
kTccmCYcbM,Instructional Staff,Yes,N/A (if you answered yes to above question)
qHFMqfJ0GP,Operations Staff,No,Health concern for myself (as determined by a doctor)
856Jvqp4ue,Instructional Staff,Yes,N/A (if you answered yes to above question)
RGalnBS10m,Instructional Staff,Yes,N/A (if you answered yes to above question)
xQskxVBKUn,Instructional Staff,Yes,N/A (if you answered yes to above question)
u4TdaCMiJg,Instructional Staff,Yes,N/A (if you answered yes to above question)
gLmIK1q4xN,Non-Instructional Staff,Yes,N/A (if you answered yes to above question)
Y00fxIdImp,Instructional Staff,Yes,N/A (if you answered yes to above question)
iBpklXpUd8,Instructional Staff,Yes,N/A (if you answered yes to above question)
Z8VDVbIK2d,Instructional Staff,Yes,N/A (if you answered yes to above question)
qT70zbVY9c,Instructional Staff,Yes,N/A (if you answered yes to above question)
yr20veTbUM,Operations Staff,Yes,N/A (if you answered yes to above question)
rsU8Bs1at6,Instructional Staff,Yes,N/A (if you answered yes to above question)
UF6W7TKEYj,Non-Instructional Staff,Yes,N/A (if you answered yes to above question)
u3DzlkgpLK,Instructional Staff,Yes,N/A (if you answered yes to above question)
4IxJJzjbgL,Instructional Staff,Yes,Health concern for myself (as determined by a doctor)
0iSCmQ34CR,Operations Staff,Yes,N/A (if you answered yes to above question)
wRUjuig1H5,Instructional Staff,Yes,N/A (if you answered yes to above question)
2S0v42C4ex,Instructional Staff,Yes,N/A (if you answered yes to above question)
cWzn9qYmN2,Operations Staff,Yes,N/A (if you answered yes to above question)
1vXakCpjcK,Instructional Staff,Yes,N/A (if you answered yes to above question)
eMcxVMC1rF,Instructional Staff,Yes,N/A (if you answered yes to above question)
IOxLZ5u2M6,Non-Instructional Staff,Yes,N/A (if you answered yes to above question)
vrBMjGhNGg,"School Leader (Principal, DSO, Dean)",Yes,N/A (if you answered yes to above question)
AyWtM3aokv,"School Leader (Principal, DSO, Dean)",Yes,N/A (if you answered yes to above question)
30gEO4zScQ,Instructional Staff,Yes,N/A (if you answered yes to above question)
nNzEZKMz6u,Instructional Staff,Yes,N/A (if you answered yes to above question)
jx7IXaiZlH,Non-Instructional Staff,Yes,N/A (if you answered yes to above question)
QusjGgRNBD,Instructional Staff,No,Health concern for someone I live with/care for (as determined by a doctor)
FDV9qYo6yT,Instructional Staff,Yes,N/A (if you answered yes to above question)
jogaoIQaDb,Instructional Staff,Yes,N/A (if you answered yes to above question)
P2vzb6ovvX,Instructional Staff,Yes,N/A (if you answered yes to above question)
1xC3k0WqnJ,Instructional Staff,No,Child care
VfPJmj6FIC,Instructional Staff,No,Health concern for someone I live with/care for (as determined by a doctor)
xk3Lo9B9s7,"School Leader (Principal, DSO, Dean)",Yes,N/A (if you answered yes to above question)
EVN6uV5dyu,Instructional Staff,No,Health concern for myself (as determined by a doctor)
OKjhCutbI7,Instructional Staff,Yes,N/A (if you answered yes to above question)
OC7ecEefiM,Instructional Staff,Yes,N/A (if you answered yes to above question)
T9lmXcTCc7,Operations Staff,Yes,N/A (if you answered yes to above question)
RbegaDQBBZ,Instructional Staff,Yes,N/A (if you answered yes to above question)
YqxELr0CTc,Instructional Staff,No,Health concern for someone I live with/care for (as determined by a doctor)
cpMT5aah3d,Instructional Staff,No,Other
seIAyzoGR5,Instructional Staff,Yes,N/A (if you answered yes to above question)
LFbEd3IyIU,Non-Instructional Staff,No,Other
bvQmoeGzBH,Instructional Staff,Yes,N/A (if you answered yes to above question)
cCG7zOkKXj,"School Leader (Principal, DSO, Dean)",Yes,N/A (if you answered yes to above question)
MpgHXKiOqb,Operations Staff,Yes,N/A (if you answered yes to above question)
JoJnIq9CzB,Instructional Staff,No,Child care
uvJSEuazrf,Instructional Staff,Yes,Health concern for someone I live with/care for (as determined by a doctor)
Fyeyd4CZjX,Instructional Staff,No,Health concern for myself (as determined by a doctor)
rt3musG504,Instructional Staff,Yes,N/A (if you answered yes to above question)
kqPmIgmt2q,Instructional Staff,Yes,N/A (if you answered yes to above question)
4Ojs9HrTyh,Instructional Staff,Yes,N/A (if you answered yes to above question)
N33povACm6,Instructional Staff,Yes,N/A (if you answered yes to above question)
cYNjwnVqBX,Instructional Staff,Yes,N/A (if you answered yes to above question)
XoRzTwNS6F,Instructional Staff,Yes,N/A (if you answered yes to above question)
qwRyNNs5Sv,Instructional Staff,No,Child care
48F3R1gZBE,Instructional Staff,Yes,N/A (if you answered yes to above question)
cRc7NlswCZ,Operations Staff,No,Child care
8N8bJcNugU,Instructional Staff,Yes,N/A (if you answered yes to above question)
REcwlj3sgO,Instructional Staff,Yes,N/A (if you answered yes to above question)
py5HWVxMWb,Instructional Staff,Yes,N/A (if you answered yes to above question)
dv3B8YGIxa,Instructional Staff,Yes,N/A (if you answered yes to above question)
wyqnbgVXO0,Instructional Staff,Yes,N/A (if you answered yes to above question)
PmXruYmV2A,"School Leader (Principal, DSO, Dean)",Yes,N/A (if you answered yes to above question)
TxMEUCDYN9,Instructional Staff,Yes,N/A (if you answered yes to above question)
esWJWawmB5,Instructional Staff,Yes,N/A (if you answered yes to above question)
mjX4xGk3u9,Instructional Staff,Yes,N/A (if you answered yes to above question)
RUJEzR1nRA,Instructional Staff,Yes,N/A (if you answered yes to above question)
AVs8rSJ7mo,Instructional Staff,Yes,N/A (if you answered yes to above question)
EDR8S2NfGI,Instructional Staff,No,Other
MZN4RixBce,Instructional Staff,Yes,N/A (if you answered yes to above question)
l4Jg0BEBQS,Instructional Staff,Yes,N/A (if you answered yes to above question)
8KdoNSKC3w,Instructional Staff,Yes,N/A (if you answered yes to above question)
YDkbwE2Vj6,Instructional Staff,Yes,N/A (if you answered yes to above question)
ppve70NrKD,Instructional Staff,No,Health concern for myself (as determined by a doctor)
ou9mLWMwzr,Instructional Staff,Yes,N/A (if you answered yes to above question)
UNt0ClMO8E,Instructional Staff,Yes,N/A (if you answered yes to above question)
1UqS6tmV5s,Instructional Staff,Yes,N/A (if you answered yes to above question)
xTGpW8h7Hj,Instructional Staff,No,Health concern for someone I live with/care for (as determined by a doctor)
wq8BaJEtoM,"School Leader (Principal, DSO, Dean)",Yes,N/A (if you answered yes to above question)
iajkW2vtpQ,Instructional Staff,Yes,N/A (if you answered yes to above question)
1ThtUQgbFa,Instructional Staff,No,Health concern for someone I live with/care for (as determined by a doctor)
jZF002PHhw,Instructional Staff,Yes,N/A (if you answered yes to above question)
djw2uo3n7e,Instructional Staff,Yes,N/A (if you answered yes to above question)
shHbku3sF6,"School Leader (Principal, DSO, Dean)",Yes,N/A (if you answered yes to above question)
vXUPkG31ja,"School Leader (Principal, DSO, Dean)",Yes,N/A (if you answered yes to above question)
HyiBzU2g3S,Instructional Staff,Yes,N/A (if you answered yes to above question)
BUruSncAJv,Instructional Staff,Yes,N/A (if you answered yes to above question)
PUpgHL5qbd,Instructional Staff,Yes,N/A (if you answered yes to above question)
wCzDbe51b9,"School Leader (Principal, DSO, Dean)",Yes,N/A (if you answered yes to above question)
v71f0V8g0O,Instructional Staff,No,Child care
c5FmWBMmWr,Instructional Staff,Yes,N/A (if you answered yes to above question)
EksFrlevxm,Non-Instructional Staff,Yes,N/A (if you answered yes to above question)
OuRgAYaPsF,Instructional Staff,Yes,N/A (if you answered yes to above question)
YAUxbuuVSi,Instructional Staff,Yes,N/A (if you answered yes to above question)
P9EOStCfLw,Instructional Staff,Yes,N/A (if you answered yes to above question)
OEV6OEstz2,Operations Staff,No,Child care
jUhCCCoTwC,Instructional Staff,Yes,N/A (if you answered yes to above question)
nwA8NLRTRI,Instructional Staff,Yes,N/A (if you answered yes to above question)
kTccmCYcbM,Operations Staff,Yes,N/A (if you answered yes to above question)
qHFMqfJ0GP,Instructional Staff,No,Health concern for someone I live with/care for (as determined by a doctor)
856Jvqp4ue,Instructional Staff,Yes,N/A (if you answered yes to above question)
RGalnBS10m,Non-Instructional Staff,Yes,N/A (if you answered yes to above question)
xQskxVBKUn,Instructional Staff,Yes,N/A (if you answered yes to above question)
u4TdaCMiJg,Non-Instructional Staff,Yes,Other
gLmIK1q4xN,Instructional Staff,Yes,N/A (if you answered yes to above question)
Y00fxIdImp,Instructional Staff,Yes,N/A (if you answered yes to above question)
iBpklXpUd8,Instructional Staff,No,Health concern for myself (as determined by a doctor)
Z8VDVbIK2d,Operations Staff,Yes,N/A (if you answered yes to above question)
qT70zbVY9c,Instructional Staff,No,Health concern for someone I live with/care for (as determined by a doctor)
yr20veTbUM,Instructional Staff,Yes,N/A (if you answered yes to above question)
rsU8Bs1at6,Instructional Staff,No,Child care
UF6W7TKEYj,Instructional Staff,No,Health concern for someone I live with/care for (as determined by a doctor)
u3DzlkgpLK,Instructional Staff,Yes,N/A (if you answered yes to above question)
4IxJJzjbgL,"School Leader (Principal, DSO, Dean)",Yes,N/A (if you answered yes to above question)
0iSCmQ34CR,"School Leader (Principal, DSO, Dean)",No,Health concern for myself (as determined by a doctor)
wRUjuig1H5,Instructional Staff,Yes,N/A (if you answered yes to above question)
2S0v42C4ex,Instructional Staff,Yes,N/A (if you answered yes to above question)
cWzn9qYmN2,Instructional Staff,No,Health concern for someone I live with/care for (as determined by a doctor)
1vXakCpjcK,Instructional Staff,Yes,N/A (if you answered yes to above question)
eMcxVMC1rF,Instructional Staff,Yes,N/A (if you answered yes to above question)
IOxLZ5u2M6,Instructional Staff,Yes,N/A (if you answered yes to above question)
vrBMjGhNGg,Instructional Staff,Yes,N/A (if you answered yes to above question)
AyWtM3aokv,Instructional Staff,Yes,N/A (if you answered yes to above question)
30gEO4zScQ,Instructional Staff,No,Health concern for someone I live with/care for (as determined by a doctor)
nNzEZKMz6u,Instructional Staff,Yes,N/A (if you answered yes to above question)
jx7IXaiZlH,Instructional Staff,No,Child care
QusjGgRNBD,Instructional Staff,Yes,N/A (if you answered yes to above question)
FDV9qYo6yT,Instructional Staff,Yes,N/A (if you answered yes to above question)
jogaoIQaDb,Instructional Staff,Yes,N/A (if you answered yes to above question)
P2vzb6ovvX,Instructional Staff,Yes,N/A (if you answered yes to above question)
1xC3k0WqnJ,Non-Instructional Staff,Yes,N/A (if you answered yes to above question)
VfPJmj6FIC,Instructional Staff,Yes,N/A (if you answered yes to above question)
xk3Lo9B9s7,Instructional Staff,No,Child care
EVN6uV5dyu,Instructional Staff,No,Other
OKjhCutbI7,Operations Staff,Yes,Health concern for someone I live with/care for (as determined by a doctor)
OC7ecEefiM,Instructional Staff,Yes,N/A (if you answered yes to above question)
T9lmXcTCc7,Instructional Staff,Yes,N/A (if you answered yes to above question)
RbegaDQBBZ,Non-Instructional Staff,Yes,N/A (if you answered yes to above question)
YqxELr0CTc,Instructional Staff,Yes,N/A (if you answered yes to above question)
cpMT5aah3d,Instructional Staff,No,Health concern for someone I live with/care for (as determined by a doctor)
seIAyzoGR5,Instructional Staff,Yes,N/A (if you answered yes to above question)
LFbEd3IyIU,Instructional Staff,Yes,N/A (if you answered yes to above question)
bvQmoeGzBH,Operations Staff,Yes,N/A (if you answered yes to above question)
cCG7zOkKXj,Instructional Staff,No,Health concern for myself (as determined by a doctor)
MpgHXKiOqb,Non-Instructional Staff,Yes,N/A (if you answered yes to above question)
JoJnIq9CzB,Instructional Staff,Yes,N/A (if you answered yes to above question)
uvJSEuazrf,Instructional Staff,Yes,N/A (if you answered yes to above question)
Fyeyd4CZjX,Non-Instructional Staff,No,Child care
rt3musG504,Instructional Staff,Yes,N/A (if you answered yes to above question)
kqPmIgmt2q,Instructional Staff,No,Health concern for someone I live with/care for (as determined by a doctor)
4Ojs9HrTyh,Non-Instructional Staff,Yes,N/A (if you answered yes to above question)
N33povACm6,Operations Staff,No,Other
cYNjwnVqBX,Instructional Staff,No,Child care
XoRzTwNS6F,Non-Instructional Staff,Yes,N/A (if you answered yes to above question)
qwRyNNs5Sv,Instructional Staff,Yes,N/A (if you answered yes to above question)
48F3R1gZBE,Operations Staff,Yes,N/A (if you answered yes to above question)
cRc7NlswCZ,Instructional Staff,Yes,N/A (if you answered yes to above question)
8N8bJcNugU,"School Leader (Principal, DSO, Dean)",Yes,N/A (if you answered yes to above question)
REcwlj3sgO,Instructional Staff,Yes,N/A (if you answered yes to above question)
py5HWVxMWb,Instructional Staff,No,Child care
dv3B8YGIxa,Instructional Staff,Yes,N/A (if you answered yes to above question)
wyqnbgVXO0,"School Leader (Principal, DSO, Dean)",Yes,N/A (if you answered yes to above question)
PmXruYmV2A,Instructional Staff,No,Other
TxMEUCDYN9,Instructional Staff,Yes,Other
esWJWawmB5,Instructional Staff,No,Other
mjX4xGk3u9,Instructional Staff,Yes,N/A (if you answered yes to above question)
RUJEzR1nRA,Instructional Staff,Yes,N/A (if you answered yes to above question)
AVs8rSJ7mo,"School Leader (Principal, DSO, Dean)",Yes,N/A (if you answered yes to above question)
EDR8S2NfGI,Instructional Staff,No,N/A (if you answered yes to above question)
MZN4RixBce,"School Leader (Principal, DSO, Dean)",Yes,Child care
l4Jg0BEBQS,Instructional Staff,Yes,N/A (if you answered yes to above question)
8KdoNSKC3w,Instructional Staff,Yes,N/A (if you answered yes to above question)
YDkbwE2Vj6,Instructional Staff,No,Health concern for someone I live with/care for (as determined by a doctor)
ppve70NrKD,Instructional Staff,Yes,N/A (if you answered yes to above question)
ou9mLWMwzr,Instructional Staff,Yes,N/A (if you answered yes to above question)
UNt0ClMO8E,Instructional Staff,Yes,N/A (if you answered yes to above question)
xTGpW8h7Hj,Instructional Staff,No,Health concern for myself (as determined by a doctor)
wq8BaJEtoM,Instructional Staff,No,Child care
iajkW2vtpQ,"School Leader (Principal, DSO, Dean)",Yes,N/A (if you answered yes to above question)
1ThtUQgbFa,Non-Instructional Staff,No,Health concern for someone I live with/care for (as determined by a doctor)
jZF002PHhw,Instructional Staff,Yes,N/A (if you answered yes to above question)
djw2uo3n7e,Instructional Staff,No,Other
shHbku3sF6,Instructional Staff,No,Health concern for myself (as determined by a doctor)
vXUPkG31ja,Non-Instructional Staff,Yes,N/A (if you answered yes to above question)
HyiBzU2g3S,Instructional Staff,No,Child care
BUruSncAJv,"School Leader (Principal, DSO, Dean)",Yes,N/A (if you answered yes to above question)
PUpgHL5qbd,Operations Staff,Yes,N/A (if you answered yes to above question)
wCzDbe51b9,Instructional Staff,Yes,N/A (if you answered yes to above question)
v71f0V8g0O,Instructional Staff,No,Health concern for myself (as determined by a doctor)
c5FmWBMmWr,Instructional Staff,Yes,Other
EksFrlevxm,Instructional Staff,Yes,N/A (if you answered yes to above question)
OuRgAYaPsF,Instructional Staff,Yes,N/A (if you answered yes to above question)
YAUxbuuVSi,Instructional Staff,Yes,N/A (if you answered yes to above question)
P9EOStCfLw,Instructional Staff,Yes,N/A (if you answered yes to above question)
OEV6OEstz2,"School Leader (Principal, DSO, Dean)",Yes,N/A (if you answered yes to above question)
jUhCCCoTwC,Instructional Staff,No,Health concern for myself (as determined by a doctor)
nwA8NLRTRI,Instructional Staff,No,Other
kTccmCYcbM,Instructional Staff,Yes,N/A (if you answered yes to above question)
qHFMqfJ0GP,Non-Instructional Staff,No,Other
856Jvqp4ue,Instructional Staff,Yes,N/A (if you answered yes to above question)
RGalnBS10m,"School Leader (Principal, DSO, Dean)",Yes,Health concern for someone I live with/care for (as determined by a doctor)
xQskxVBKUn,Instructional Staff,Yes,N/A (if you answered yes to above question)
u4TdaCMiJg,Instructional Staff,Yes,N/A (if you answered yes to above question)
gLmIK1q4xN,"School Leader (Principal, DSO, Dean)",Yes,N/A (if you answered yes to above question)
Y00fxIdImp,Instructional Staff,No,Health concern for myself (as determined by a doctor)
iBpklXpUd8,Instructional Staff,Yes,N/A (if you answered yes to above question)
Z8VDVbIK2d,Instructional Staff,Yes,N/A (if you answered yes to above question)
qT70zbVY9c,Operations Staff,Yes,N/A (if you answered yes to above question)
yr20veTbUM,Non-Instructional Staff,No,Child care
rsU8Bs1at6,Operations Staff,Yes,N/A (if you answered yes to above question)
UF6W7TKEYj,"School Leader (Principal, DSO, Dean)",No,Child care
u3DzlkgpLK,Instructional Staff,Yes,N/A (if you answered yes to above question)
4IxJJzjbgL,Instructional Staff,No,Health concern for myself (as determined by a doctor)
0iSCmQ34CR,Operations Staff,Yes,N/A (if you answered yes to above question)
wRUjuig1H5,Instructional Staff,Yes,N/A (if you answered yes to above question)
2S0v42C4ex,Instructional Staff,No,Child care
cWzn9qYmN2,Instructional Staff,No,Other
1vXakCpjcK,Instructional Staff,Yes,N/A (if you answered yes to above question)
eMcxVMC1rF,Instructional Staff,Yes,N/A (if you answered yes to above question)
IOxLZ5u2M6,Instructional Staff,No,Other
vrBMjGhNGg,"School Leader (Principal, DSO, Dean)",Yes,N/A (if you answered yes to above question)
AyWtM3aokv,"School Leader (Principal, DSO, Dean)",No,Health concern for myself (as determined by a doctor)
30gEO4zScQ,Non-Instructional Staff,Yes,N/A (if you answered yes to above question)
nNzEZKMz6u,"School Leader (Principal, DSO, Dean)",No,
jx7IXaiZlH,Instructional Staff,Yes,N/A (if you answered yes to above question)
QusjGgRNBD,Operations Staff,No,Other
FDV9qYo6yT,Instructional Staff,No,Other
jogaoIQaDb,Operations Staff,Yes,N/A (if you answered yes to above question)
P2vzb6ovvX,Instructional Staff,Yes,N/A (if you answered yes to above question)
1xC3k0WqnJ,"School Leader (Principal, DSO, Dean)",No,Health concern for myself (as determined by a doctor)
VfPJmj6FIC,Instructional Staff,Yes,N/A (if you answered yes to above question)
xk3Lo9B9s7,Instructional Staff,Yes,N/A (if you answered yes to above question)
EVN6uV5dyu,Operations Staff,No,Health concern for someone I live with/care for (as determined by a doctor)
OKjhCutbI7,Instructional Staff,No,Other
OC7ecEefiM,Instructional Staff,Yes,N/A (if you answered yes to above question)
T9lmXcTCc7,Instructional Staff,Yes,N/A (if you answered yes to above question)
RbegaDQBBZ,Instructional Staff,Yes,N/A (if you answered yes to above question)
YqxELr0CTc,"School Leader (Principal, DSO, Dean)",Yes,Health concern for someone I live with/care for (as determined by a doctor)
cpMT5aah3d,Instructional Staff,Yes,N/A (if you answered yes to above question)
seIAyzoGR5,Instructional Staff,Yes,N/A (if you answered yes to above question)
LFbEd3IyIU,Instructional Staff,Yes,N/A (if you answered yes to above question)
bvQmoeGzBH,"School Leader (Principal, DSO, Dean)",Yes,N/A (if you answered yes to above question)
cCG7zOkKXj,"School Leader (Principal, DSO, Dean)",Yes,N/A (if you answered yes to above question)
MpgHXKiOqb,Instructional Staff,No,Health concern for someone I live with/care for (as determined by a doctor)
JoJnIq9CzB,Operations Staff,Yes,N/A (if you answered yes to above question)
uvJSEuazrf,Instructional Staff,No,Other
Fyeyd4CZjX,Operations Staff,Yes,N/A (if you answered yes to above question)
rt3musG504,Instructional Staff,No,Child care
kqPmIgmt2q,Instructional Staff,Yes,N/A (if you answered yes to above question)
4Ojs9HrTyh,Operations Staff,Yes,N/A (if you answered yes to above question)
N33povACm6,"School Leader (Principal, DSO, Dean)",Yes,N/A (if you answered yes to above question)
cYNjwnVqBX,Instructional Staff,Yes,N/A (if you answered yes to above question)
XoRzTwNS6F,Instructional Staff,Yes,N/A (if you answered yes to above question)
qwRyNNs5Sv,Instructional Staff,Yes,N/A (if you answered yes to above question)
48F3R1gZBE,Instructional Staff,Yes,N/A (if you answered yes to above question)
cRc7NlswCZ,Operations Staff,Yes,N/A (if you answered yes to above question)
8N8bJcNugU,Operations Staff,Yes,N/A (if you answered yes to above question)
REcwlj3sgO,Operations Staff,Yes,Other
py5HWVxMWb,Instructional Staff,No,Child care
dv3B8YGIxa,Instructional Staff,Yes,N/A (if you answered yes to above question)
wyqnbgVXO0,Instructional Staff,Yes,N/A (if you answered yes to above question)
PmXruYmV2A,Instructional Staff,Yes,N/A (if you answered yes to above question)
TxMEUCDYN9,"School Leader (Principal, DSO, Dean)",Yes,N/A (if you answered yes to above question)
esWJWawmB5,Instructional Staff,No,Child care
mjX4xGk3u9,Instructional Staff,Yes,N/A (if you answered yes to above question)
RUJEzR1nRA,Instructional Staff,Yes,N/A (if you answered yes to above question)
AVs8rSJ7mo,Instructional Staff,Yes,N/A (if you answered yes to above question)
EDR8S2NfGI,Instructional Staff,Yes,N/A (if you answered yes to above question)
MZN4RixBce,Operations Staff,Yes,N/A (if you answered yes to above question)
l4Jg0BEBQS,Instructional Staff,Yes,N/A (if you answered yes to above question)
8KdoNSKC3w,Non-Instructional Staff,Yes,N/A (if you answered yes to above question)
YDkbwE2Vj6,Instructional Staff,Yes,N/A (if you answered yes to above question)
ppve70NrKD,Non-Instructional Staff,Yes,N/A (if you answered yes to above question)
ou9mLWMwzr,Instructional Staff,Yes,N/A (if you answered yes to above question)
UNt0ClMO8E,Instructional Staff,Yes,N/A (if you answered yes to above question)
1UqS6tmV5s,Non-Instructional Staff,Yes,N/A (if you answered yes to above question)
xTGpW8h7Hj,Instructional Staff,No,Child care
wq8BaJEtoM,Instructional Staff,No,Other
iajkW2vtpQ,Instructional Staff,Yes,N/A (if you answered yes to above question)
1ThtUQgbFa,Non-Instructional Staff,Yes,N/A (if you answered yes to above question)
jZF002PHhw,Instructional Staff,Yes,N/A (if you answered yes to above question)
djw2uo3n7e,Operations Staff,Yes,N/A (if you answered yes to above question)
shHbku3sF6,"School Leader (Principal, DSO, Dean)",Yes,N/A (if you answered yes to above question)
vXUPkG31ja,Instructional Staff,Yes,N/A (if you answered yes to above question)
HyiBzU2g3S,Instructional Staff,Yes,N/A (if you answered yes to above question)
BUruSncAJv,"School Leader (Principal, DSO, Dean)",Yes,N/A (if you answered yes to above question)
PUpgHL5qbd,Instructional Staff,Yes,N/A (if you answered yes to above question)
wCzDbe51b9,Operations Staff,Yes,N/A (if you answered yes to above question)
v71f0V8g0O,Instructional Staff,Yes,N/A (if you answered yes to above question)
c5FmWBMmWr,Instructional Staff,Yes,N/A (if you answered yes to above question)
EksFrlevxm,Instructional Staff,Yes,N/A (if you answered yes to above question)
OuRgAYaPsF,Instructional Staff,No,Other
YAUxbuuVSi,Instructional Staff,Yes,N/A (if you answered yes to above question)
P9EOStCfLw,Instructional Staff,No,Child care
OEV6OEstz2,Instructional Staff,No,Child care
jUhCCCoTwC,Instructional Staff,Yes,N/A (if you answered yes to above question)
nwA8NLRTRI,Instructional Staff,No,Other
kTccmCYcbM,Non-Instructional Staff,Yes,N/A (if you answered yes to above question)
qHFMqfJ0GP,Instructional Staff,Yes,N/A (if you answered yes to above question)
856Jvqp4ue,Instructional Staff,Yes,N/A (if you answered yes to above question)
RGalnBS10m,"School Leader (Principal, DSO, Dean)",Yes,N/A (if you answered yes to above question)
xQskxVBKUn,"School Leader (Principal, DSO, Dean)",Yes,N/A (if you answered yes to above question)
u4TdaCMiJg,"School Leader (Principal, DSO, Dean)",No,N/A (if you answered yes to above question)
gLmIK1q4xN,Instructional Staff,Yes,N/A (if you answered yes to above question)
Y00fxIdImp,"School Leader (Principal, DSO, Dean)",Yes,Child care
iBpklXpUd8,Instructional Staff,No,Other
Z8VDVbIK2d,Non-Instructional Staff,Yes,N/A (if you answered yes to above question)
qT70zbVY9c,Instructional Staff,Yes,N/A (if you answered yes to above question)
yr20veTbUM,Instructional Staff,No,Other
rsU8Bs1at6,Instructional Staff,No,Other
UF6W7TKEYj,Instructional Staff,No,Other
u3DzlkgpLK,Non-Instructional Staff,Yes,N/A (if you answered yes to above question)
4IxJJzjbgL,"School Leader (Principal, DSO, Dean)",Yes,Health concern for someone I live with/care for (as determined by a doctor)
0iSCmQ34CR,Instructional Staff,No,Child care
wRUjuig1H5,Instructional Staff,Yes,N/A (if you answered yes to above question)
2S0v42C4ex,Operations Staff,Yes,N/A (if you answered yes to above question)
cWzn9qYmN2,Instructional Staff,No,Other
1vXakCpjcK,Operations Staff,No,Health concern for myself (as determined by a doctor)
eMcxVMC1rF,Instructional Staff,No,Health concern for someone I live with/care for (as determined by a doctor)
IOxLZ5u2M6,Instructional Staff,Yes,N/A (if you answered yes to above question)
vrBMjGhNGg,Operations Staff,Yes,N/A (if you answered yes to above question)
AyWtM3aokv,Non-Instructional Staff,Yes,N/A (if you answered yes to above question)
30gEO4zScQ,"School Leader (Principal, DSO, Dean)",Yes,N/A (if you answered yes to above question)
nNzEZKMz6u,Instructional Staff,Yes,N/A (if you answered yes to above question)
jx7IXaiZlH,Instructional Staff,Yes,N/A (if you answered yes to above question)
QusjGgRNBD,Instructional Staff,Yes,N/A (if you answered yes to above question)
FDV9qYo6yT,Instructional Staff,Yes,N/A (if you answered yes to above question)
jogaoIQaDb,Instructional Staff,No,Health concern for someone I live with/care for (as determined by a doctor)
P2vzb6ovvX,Instructional Staff,Yes,Health concern for myself (as determined by a doctor)
1xC3k0WqnJ,Instructional Staff,Yes,N/A (if you answered yes to above question)
VfPJmj6FIC,Instructional Staff,No,Other
xk3Lo9B9s7,Instructional Staff,Yes,N/A (if you answered yes to above question)
EVN6uV5dyu,Instructional Staff,Yes,N/A (if you answered yes to above question)
OKjhCutbI7,Operations Staff,No,Health concern for myself (as determined by a doctor)
OC7ecEefiM,"School Leader (Principal, DSO, Dean)",Yes,N/A (if you answered yes to above question)
T9lmXcTCc7,Instructional Staff,No,Child care
RbegaDQBBZ,Instructional Staff,Yes,N/A (if you answered yes to above question)
YqxELr0CTc,Instructional Staff,Yes,N/A (if you answered yes to above question)
cpMT5aah3d,"School Leader (Principal, DSO, Dean)",No,Health concern for someone I live with/care for (as determined by a doctor)
seIAyzoGR5,Instructional Staff,Yes,N/A (if you answered yes to above question)
LFbEd3IyIU,Instructional Staff,Yes,N/A (if you answered yes to above question)
bvQmoeGzBH,Instructional Staff,Yes,N/A (if you answered yes to above question)
cCG7zOkKXj,Instructional Staff,No,Other
MpgHXKiOqb,Instructional Staff,No,Other
JoJnIq9CzB,Instructional Staff,No,Child care
uvJSEuazrf,Operations Staff,No,Other
Fyeyd4CZjX,Instructional Staff,No,Child care
rt3musG504,Instructional Staff,Yes,N/A (if you answered yes to above question)
kqPmIgmt2q,Non-Instructional Staff,Yes,N/A (if you answered yes to above question)
4Ojs9HrTyh,Instructional Staff,Yes,N/A (if you answered yes to above question)
N33povACm6,Operations Staff,Yes,N/A (if you answered yes to above question)
cYNjwnVqBX,Instructional Staff,Yes,N/A (if you answered yes to above question)
XoRzTwNS6F,Non-Instructional Staff,Yes,N/A (if you answered yes to above question)
qwRyNNs5Sv,Instructional Staff,Yes,N/A (if you answered yes to above question)
48F3R1gZBE,Non-Instructional Staff,Yes,N/A (if you answered yes to above question)
cRc7NlswCZ,Instructional Staff,No,Other
8N8bJcNugU,Instructional Staff,Yes,N/A (if you answered yes to above question)
REcwlj3sgO,Non-Instructional Staff,No,Child care
py5HWVxMWb,Instructional Staff,Yes,N/A (if you answered yes to above question)
dv3B8YGIxa,Non-Instructional Staff,Yes,N/A (if you answered yes to above question)
wyqnbgVXO0,"School Leader (Principal, DSO, Dean)",No,Child care
PmXruYmV2A,Instructional Staff,Yes,N/A (if you answered yes to above question)
TxMEUCDYN9,Instructional Staff,Yes,N/A (if you answered yes to above question)
esWJWawmB5,Instructional Staff,No,Other
mjX4xGk3u9,Instructional Staff,No,Other
RUJEzR1nRA,Instructional Staff,Yes,Child care
AVs8rSJ7mo,Instructional Staff,Yes,N/A (if you answered yes to above question)
EDR8S2NfGI,Instructional Staff,Yes,N/A (if you answered yes to above question)
MZN4RixBce,"School Leader (Principal, DSO, Dean)",Yes,N/A (if you answered yes to above question)
l4Jg0BEBQS,Instructional Staff,Yes,N/A (if you answered yes to above question)
8KdoNSKC3w,"School Leader (Principal, DSO, Dean)",No,Health concern for someone I live with/care for (as determined by a doctor)
YDkbwE2Vj6,"School Leader (Principal, DSO, Dean)",No,Child care
ppve70NrKD,Instructional Staff,Yes,N/A (if you answered yes to above question)
ou9mLWMwzr,Instructional Staff,Yes,N/A (if you answered yes to above question)
UNt0ClMO8E,Instructional Staff,Yes,N/A (if you answered yes to above question)
1UqS6tmV5s,Operations Staff,No,Child care
xTGpW8h7Hj,Operations Staff,No,Child care
wq8BaJEtoM,Instructional Staff,Yes,N/A (if you answered yes to above question)
iajkW2vtpQ,Operations Staff,Yes,N/A (if you answered yes to above question)
1ThtUQgbFa,Instructional Staff,Yes,N/A (if you answered yes to above question)
jZF002PHhw,"School Leader (Principal, DSO, Dean)",Yes,N/A (if you answered yes to above question)
djw2uo3n7e,Instructional Staff,Yes,N/A (if you answered yes to above question)
shHbku3sF6,Instructional Staff,No,Health concern for someone I live with/care for (as determined by a doctor)
vXUPkG31ja,Instructional Staff,Yes,N/A (if you answered yes to above question)
HyiBzU2g3S,Non-Instructional Staff,Yes,N/A (if you answered yes to above question)
BUruSncAJv,Instructional Staff,Yes,N/A (if you answered yes to above question)
PUpgHL5qbd,Instructional Staff,Yes,N/A (if you answered yes to above question)
wCzDbe51b9,Instructional Staff,Yes,N/A (if you answered yes to above question)
v71f0V8g0O,Operations Staff,No,Health concern for myself (as determined by a doctor)
c5FmWBMmWr,Non-Instructional Staff,Yes,N/A (if you answered yes to above question)
EksFrlevxm,Instructional Staff,Yes,N/A (if you answered yes to above question)
OuRgAYaPsF,Instructional Staff,Yes,N/A (if you answered yes to above question)
YAUxbuuVSi,Instructional Staff,Yes,N/A (if you answered yes to above question)
P9EOStCfLw,Instructional Staff,Yes,N/A (if you answered yes to above question)
OEV6OEstz2,Instructional Staff,Yes,N/A (if you answered yes to above question)
jUhCCCoTwC,Non-Instructional Staff,Yes,N/A (if you answered yes to above question)
nwA8NLRTRI,Instructional Staff,Yes,Child care
kTccmCYcbM,Instructional Staff,No,Health concern for someone I live with/care for (as determined by a doctor)
qHFMqfJ0GP,Instructional Staff,Yes,N/A (if you answered yes to above question)
856Jvqp4ue,Instructional Staff,Yes,N/A (if you answered yes to above question)
RGalnBS10m,Non-Instructional Staff,Yes,N/A (if you answered yes to above question)
xQskxVBKUn,Instructional Staff,Yes,N/A (if you answered yes to above question)
u4TdaCMiJg,Instructional Staff,Yes,N/A (if you answered yes to above question)
gLmIK1q4xN,Instructional Staff,Yes,N/A (if you answered yes to above question)
Y00fxIdImp,Instructional Staff,Yes,N/A (if you answered yes to above question)
iBpklXpUd8,"School Leader (Principal, DSO, Dean)",Yes,N/A (if you answered yes to above question)
Z8VDVbIK2d,Non-Instructional Staff,No,Health concern for someone I live with/care for (as determined by a doctor)
qT70zbVY9c,Instructional Staff,Yes,N/A (if you answered yes to above question)
yr20veTbUM,Instructional Staff,Yes,N/A (if you answered yes to above question)
rsU8Bs1at6,Instructional Staff,No,Other
UF6W7TKEYj,Instructional Staff,No,Other
u3DzlkgpLK,Instructional Staff,Yes,N/A (if you answered yes to above question)
4IxJJzjbgL,Instructional Staff,Yes,N/A (if you answered yes to above question)
0iSCmQ34CR,Operations Staff,No,Other
wRUjuig1H5,Instructional Staff,Yes,N/A (if you answered yes to above question)
2S0v42C4ex,"School Leader (Principal, DSO, Dean)",Yes,N/A (if you answered yes to above question)
cWzn9qYmN2,Instructional Staff,No,Child care
1vXakCpjcK,Non-Instructional Staff,Yes,N/A (if you answered yes to above question)
eMcxVMC1rF,Instructional Staff,Yes,N/A (if you answered yes to above question)
IOxLZ5u2M6,Instructional Staff,Yes,N/A (if you answered yes to above question)
vrBMjGhNGg,Non-Instructional Staff,Yes,N/A (if you answered yes to above question)
AyWtM3aokv,Instructional Staff,Yes,N/A (if you answered yes to above question)
30gEO4zScQ,Instructional Staff,Yes,N/A (if you answered yes to above question)
nNzEZKMz6u,Instructional Staff,Yes,N/A (if you answered yes to above question)
jx7IXaiZlH,Instructional Staff,Yes,N/A (if you answered yes to above question)
QusjGgRNBD,Instructional Staff,Yes,N/A (if you answered yes to above question)
FDV9qYo6yT,Instructional Staff,Yes,N/A (if you answered yes to above question)
jogaoIQaDb,Instructional Staff,Yes,N/A (if you answered yes to above question)
P2vzb6ovvX,Instructional Staff,Yes,N/A (if you answered yes to above question)
1xC3k0WqnJ,Instructional Staff,Yes,N/A (if you answered yes to above question)
VfPJmj6FIC,Instructional Staff,Yes,N/A (if you answered yes to above question)
xk3Lo9B9s7,Instructional Staff,Yes,N/A (if you answered yes to above question)
EVN6uV5dyu,Non-Instructional Staff,Yes,N/A (if you answered yes to above question)
OKjhCutbI7,Instructional Staff,Yes,N/A (if you answered yes to above question)
OC7ecEefiM,Instructional Staff,No,Child care
T9lmXcTCc7,Instructional Staff,No,Child care
RbegaDQBBZ,Instructional Staff,Yes,N/A (if you answered yes to above question)
YqxELr0CTc,"School Leader (Principal, DSO, Dean)",Yes,N/A (if you answered yes to above question)
cpMT5aah3d,Operations Staff,Yes,N/A (if you answered yes to above question)
seIAyzoGR5,Instructional Staff,No,Health concern for someone I live with/care for (as determined by a doctor)
LFbEd3IyIU,Instructional Staff,Yes,N/A (if you answered yes to above question)
bvQmoeGzBH,Instructional Staff,Yes,N/A (if you answered yes to above question)
cCG7zOkKXj,Instructional Staff,Yes,N/A (if you answered yes to above question)
MpgHXKiOqb,Operations Staff,Yes,Health concern for someone I live with/care for (as determined by a doctor)
JoJnIq9CzB,"School Leader (Principal, DSO, Dean)",Yes,N/A (if you answered yes to above question)
uvJSEuazrf,Instructional Staff,No,N/A (if you answered yes to above question)
Fyeyd4CZjX,Instructional Staff,Yes,N/A (if you answered yes to above question)
rt3musG504,Instructional Staff,Yes,N/A (if you answered yes to above question)
kqPmIgmt2q,Instructional Staff,Yes,N/A (if you answered yes to above question)
4Ojs9HrTyh,Instructional Staff,Yes,N/A (if you answered yes to above question)
N33povACm6,Instructional Staff,No,Child care
cYNjwnVqBX,Instructional Staff,Yes,N/A (if you answered yes to above question)
XoRzTwNS6F,Non-Instructional Staff,Yes,N/A (if you answered yes to above question)
qwRyNNs5Sv,Instructional Staff,Yes,N/A (if you answered yes to above question)
48F3R1gZBE,Operations Staff,No,Health concern for someone I live with/care for (as determined by a doctor)
cRc7NlswCZ,Instructional Staff,No,Health concern for myself (as determined by a doctor)
8N8bJcNugU,Instructional Staff,No,Child care
REcwlj3sgO,Instructional Staff,Yes,N/A (if you answered yes to above question)
py5HWVxMWb,Instructional Staff,Yes,N/A (if you answered yes to above question)
dv3B8YGIxa,Instructional Staff,No,Other
wyqnbgVXO0,Instructional Staff,Yes,N/A (if you answered yes to above question)
PmXruYmV2A,Instructional Staff,Yes,N/A (if you answered yes to above question)
TxMEUCDYN9,Instructional Staff,Yes,N/A (if you answered yes to above question)
esWJWawmB5,Instructional Staff,No,Child care
mjX4xGk3u9,Instructional Staff,No,Health concern for someone I live with/care for (as determined by a doctor)
RUJEzR1nRA,Instructional Staff,No,Child care
AVs8rSJ7mo,Instructional Staff,Yes,N/A (if you answered yes to above question)
EDR8S2NfGI,Instructional Staff,No,Child care
MZN4RixBce,Instructional Staff,No,Health concern for myself (as determined by a doctor)
l4Jg0BEBQS,Instructional Staff,Yes,N/A (if you answered yes to above question)
8KdoNSKC3w,Instructional Staff,Yes,N/A (if you answered yes to above question)
YDkbwE2Vj6,Non-Instructional Staff,Yes,Other
ppve70NrKD,Operations Staff,No,Child care
ou9mLWMwzr,Operations Staff,Yes,N/A (if you answered yes to above question)
UNt0ClMO8E,Instructional Staff,Yes,N/A (if you answered yes to above question)
1UqS6tmV5s,Instructional Staff,No,Health concern for someone I live with/care for (as determined by a doctor)
xTGpW8h7Hj,Instructional Staff,No,Child care
wq8BaJEtoM,Instructional Staff,Yes,N/A (if you answered yes to above question)
iajkW2vtpQ,"School Leader (Principal, DSO, Dean)",No,Health concern for myself (as determined by a doctor)
1ThtUQgbFa,Instructional Staff,Yes,N/A (if you answered yes to above question)
jZF002PHhw,Non-Instructional Staff,Yes,N/A (if you answered yes to above question)
djw2uo3n7e,Instructional Staff,Yes,N/A (if you answered yes to above question)
shHbku3sF6,Instructional Staff,No,Health concern for someone I live with/care for (as determined by a doctor)
vXUPkG31ja,Instructional Staff,Yes,N/A (if you answered yes to above question)
HyiBzU2g3S,Instructional Staff,Yes,N/A (if you answered yes to above question)
BUruSncAJv,Instructional Staff,Yes,N/A (if you answered yes to above question)
PUpgHL5qbd,Instructional Staff,No,Health concern for myself (as determined by a doctor)
wCzDbe51b9,Operations Staff,Yes,N/A (if you answered yes to above question)
v71f0V8g0O,Instructional Staff,Yes,N/A (if you answered yes to above question)
c5FmWBMmWr,Instructional Staff,Yes,N/A (if you answered yes to above question)
EksFrlevxm,Operations Staff,Yes,N/A (if you answered yes to above question)
OuRgAYaPsF,Instructional Staff,Yes,N/A (if you answered yes to above question)
YAUxbuuVSi,"School Leader (Principal, DSO, Dean)",Yes,N/A (if you answered yes to above question)
P9EOStCfLw,"School Leader (Principal, DSO, Dean)",Yes,N/A (if you answered yes to above question)
OEV6OEstz2,"School Leader (Principal, DSO, Dean)",No,Health concern for myself (as determined by a doctor)
jUhCCCoTwC,"School Leader (Principal, DSO, Dean)",Yes,N/A (if you answered yes to above question)
nwA8NLRTRI,Instructional Staff,Yes,N/A (if you answered yes to above question)
kTccmCYcbM,"School Leader (Principal, DSO, Dean)",Yes,N/A (if you answered yes to above question)
qHFMqfJ0GP,Non-Instructional Staff,Yes,N/A (if you answered yes to above question)
856Jvqp4ue,Instructional Staff,No,Health concern for myself (as determined by a doctor)
RGalnBS10m,Non-Instructional Staff,Yes,N/A (if you answered yes to above question)
xQskxVBKUn,"School Leader (Principal, DSO, Dean)",Yes,N/A (if you answered yes to above question)
u4TdaCMiJg,Instructional Staff,Yes,N/A (if you answered yes to above question)
gLmIK1q4xN,Instructional Staff,No,Other
Y00fxIdImp,Instructional Staff,Yes,N/A (if you answered yes to above question)
iBpklXpUd8,Instructional Staff,No,Other
Z8VDVbIK2d,Instructional Staff,No,Other
qT70zbVY9c,Instructional Staff,No,Health concern for myself (as determined by a doctor)
yr20veTbUM,Instructional Staff,No,Health concern for myself (as determined by a doctor)
rsU8Bs1at6,Instructional Staff,No,Other
UF6W7TKEYj,Instructional Staff,No,Health concern for myself (as determined by a doctor)
u3DzlkgpLK,Instructional Staff,Yes,N/A (if you answered yes to above question)
4IxJJzjbgL,Instructional Staff,No,Health concern for someone I live with/care for (as determined by a doctor)
0iSCmQ34CR,Instructional Staff,No,Other
wRUjuig1H5,Instructional Staff,No,Other
2S0v42C4ex,Instructional Staff,Yes,N/A (if you answered yes to above question)
cWzn9qYmN2,Non-Instructional Staff,Yes,N/A (if you answered yes to above question)
1vXakCpjcK,"School Leader (Principal, DSO, Dean)",No,Health concern for someone I live with/care for (as determined by a doctor)
eMcxVMC1rF,Instructional Staff,Yes,N/A (if you answered yes to above question)
IOxLZ5u2M6,Instructional Staff,Yes,N/A (if you answered yes to above question)
,,,
,,,
,,,
,,,
,,,
,,,
,,,
,,,
,,,
,,,
,,,
,,,
,,,
,,,
,,,
,,,
,,,
,,,
,,,
,,,
,,,
,,,
,,,
,,,
,,,
,,,
,,,
,,,
,,,
,,,
,,,
,,,
,,,
,,,
,,,
,,,
,,,
,,,
,,,
,,,
,,,
,,,
,,,
,,,
,,,
,,,
,,,
,,,
,,,
,,,
,,,
,,,
,,,
,,,
,,,
